accession_id,haplotype_id,sequence,sequence_length,country,collection_date,lat_lon,collected_by,organism,description,gc_content
OR369609.1,Hap_001,AACATTATACTTTATTTTTGGTATTTGAGCAGGAATAATTGGAACATCTTTAAGTTTATTAATTCGAGCAGAATTAGGTAATCCAGGGTCTTTAATTGGGGATGACCAAATTTATAACACTATTGTAACAGCTCATGCTTTTATTATAATTTTTTTTATAGTTATACCAATTATAATTGGGGGATTTGGAAATTGATTAGTACCATTAATATTAGGTGCTCCAGATATAGCTTTCCCTCGAATAAATAACATAAGATTTTGACTTTTACCCCCATCTATTACACTTTTAATTTCAAGAAGAATTGTAGAAAGTGGAGCAGGAACTGGATGAACTGTTTACCCCCCATTATCTTCTAATATTGCCCACGGCGGAAGCTCTGTAGATTTGGCAATTTTTTCTCTTCATTTAGCTGGAATTTCTTCAATTTTAGGAGCAATTAATTTTATTACAACAATTATTAATATACGATTAAATAAACTATCATTTGATCAAATACCATTATTTGTTTGAGCTGTAGGAATTACAGCGTTTTTACTCTTATTATCTTTACCAGTATTAGCTGGAGCTATTACAATACTATTAACTGATCGAAATTTAAATACATCATTTTTTGACCCTGCTGGAGGAGGAGATCCAATTTTATATCAACATTTATTT,658,Unknown,25-Jul-2014,47.867 N 16.267 E,Buchner P.,Biston betularia,"Biston betularia voucher TLMF Lep 17110 cytochrome oxidase subunit 1 (COI) gene, partial cds; mitochondrial",30.091185410334347
OR369263.1,Hap_002,AACATTATACTTTATTTTTGGTATTTGAGCAGGAATAATTGGAACATCTTTAAGTTTATTAATTCGAGCAGAATTAGGTAATCCAGGGTCTTTAATTGGGGATGACCAAATTTATAACACTATTGTAACAGCTCATGCTTTTATTATAATTTTTTTTATAGTTATACCAATTATAATTGGGGGATTTGGAAATTGATTAGTACCATTAATATTAGGTGCTCCAGATATAGCTTTCCCTCGAATAAATAACATAAGATTTTGACTTTTACCCCCATCTATTACACTTTTAATTTCAAGAAGAATTGTAGAAAGTGGAGCAGGAACTGGATGAACTGTTTACCCCCCATTATCTTCTAATATTGCCCACGGCGGAAGCTCTGTAGATTTGGCAATTTTTTCTCTTCATTTAGCTGGAATTTCTTCAATTTTAGGAGCAATTAATTTTATTACAACAATTATTAATATACGATTAAATAAACTATCATTTGATCAAATACCATTATTTGTTTGAGCTGTAGGAATTACAGCGTTTTTACTCTTATTATCTTTACCAGTATTAGCTGGAGCTATTACAATACTATTA,583,Unknown,04-Jul-2014,46.635 N 14.895 E,"Wieser, Ch.",Biston betularia,"Biston betularia voucher KLM Lep 06114 cytochrome oxidase subunit 1 (COI) gene, partial cds; mitochondrial",30.017152658662095
OR368139.1,Hap_003,AACATTATACTTTATTTTTGGTATTTGAGCAGGAATAATTGGAACATCTTTAAGTTTATTAATTCGAGCAGAATTAGGTAATCCAGGGTCTTTAATTGGGGATGACCAAATTTATAACACTATTGTAACAGCTCATGCTTTTATTATAATTTTTTTTATAGTTATACCAATTATAATTGGGGGATTTGGAAATTGATTAGTACCATTAATATTAGGTGCTCCAGATATAGCTTTCCCTCGAATAAATAACATAAGATTTTGACTTTTACCCCCATCTATTACACTTTTAATTTCAAGAAGAATTGTAGAAAGTGGAGCAGGAACTGGATGAACTGTTTACCCCCCATTATCTTCTAATATTGCCCACGGCGGAAGCTCTGTAGATTTAGCAATTTTTTCTCTTCATTTAGCTGGAATTTCTTCAATTTTAGGAGCAATTAATTTTATTACAACAATTATTAATATACGATTAAATAAACTATCATTTGATCAAATACCATTATTTGTTTGAGCTGTAGGAATTACAGCGTTTTTACTCTTATTATCTTTACCAGTATTAGCTGGAGCTATTACAATACTATTAACTGATCGAAATTTAAATACATCATTTTTTGACCCTGCTGGAGGAGGAGATCCAATTTTATATCAACATTTATTT,658,Unknown,18-Jun-2021,48.157 N 15.98 E,"Kirchweger, Stefan",Biston betularia,"Biston betularia voucher 21-0188 cytochrome oxidase subunit 1 (COI) gene, partial cds; mitochondrial",29.93920972644377
MG470639.1,Hap_004,ACATTATACTTTATTTTTGGTATTTGAGCAGGAATAATTGGAACATCTTTAAGTTTATTAATTCGAGCAGAATTAGGTAATCCAGGATCTTTAATTGGAGATGATCAAATTTATAACACTATTGTAACAGCTCATGCTTTTATTATAATTTTTTTTATAGTTATACCAATTATAATTGGGGGATTTGGAAATTGATTAGTACCATTAATATTAGGTGCTCCAGATATAGCTTTCCCTCGAATAAATAACATAAGATTTTGACTTTTACCCCCATCTATTACACTTTTAATTTCAAGAAGAATTGTAGAAAGTGGAGCAGGAACTGGATGAACTGTTTATCCCCCATTATCTTCTAATATTGCCCACGGCGGAAGCTCTGTAGATTTGGCAATTTTTTCTCTTCATTTAGCTGGAATTTCTTCAATTTTAGGAGCAATTAATTTTATTACAACAATTATTAACATACGATTAAATAAACTATCATTTGATCAAATACCATTATTTGTTTGAGCTGTAGGAATTACAGCATTTTTACTCTTATTATCTTTA,549,Unknown,23-Sep-2014,51.018 N 118.205 W,S.Devita,Biston betularia,"Biston betularia voucher BIOUG20102-D05 cytochrome oxidase subunit 1 (COI) gene, partial cds; mitochondrial",29.143897996357016
MN689344.1,Hap_005,AATTCGAGCAGAATTAGGTAACCCAGGATCTTTAATTGGAGATGATCAAATTTATAACACTATTGTAACAGCTCATGCTTTTATTATAATTTTTTTTATAGTTATACCAATTATAATTGGAGGATTTGGAAATTGATTAGTACCATTAATACTAGGTGCTCCAGATATGGCTTTCCCTCGAATAAACAACATAAGATTTTGACTTTTACCCCCATCTATTACACTTTTAATTTCAAGAAGAATTGTAGAAAGTGGAGCAGGAACTGGATGAACTGTTTACCCTCCCTTATCTTCTAATATTGCTCATGGCGGAAGCTCTGTAGATTTAGCAATTTTTTCTCTTCATTTAGCTGGAATTTCTTCAATTTTAGGAGCAATTAATTTTATTACAACAATTATTAACATACGATTAAATAAATTATCATTTGATCAAATACCATTATTTGTTTGAGCTGTAGGAATTACAGCATTTTTACTCTTATTATCTTTACCAGTATTAGCTGGAGCTATTACTATATTATTAACTGATCGAAATTTAAA,540,Unknown,Unknown,Unknown,Deelak Amin,Biston betularia,"Biston betularia voucher JKD0021 cytochrome oxidase subunit 1 (COI) gene, partial cds; mitochondrial",29.629629629629626
MF054227.1,Hap_006,CTTTACTTTTATTTTTGGTATTTGAGCAGGATAGTTGGAACATCTTTAAGTTTATTAATTCGGGCAGAATTAGGTAATCCAGGATCTTTAATTGGAGACGATCAAATTTATAACACTATTGTAACAGCTCATGCTTTTATTATAATTTTTTTTATAGTTATACCAATTATAATTGGGGGGTTTGGAAATTGATTAGTACCATTAATATTGGGTGCCCCAGATATAGCTTTCCCTCGAATAAATAACATAAGATTTTGACTTTTACCCCCATCTATTACACTTTTAATTTCAAGAAGAATTGTAGAAAGTGGAGCAGGAACTGGATGAACTGTTTACCCCCCATTATCTTCTAATATTGCTCACGGCGGAAGCTCTGTAGACTTAGCAATTTTTTCTCTTCATTTAGCTGGAATTTCTTCAATTTTAGGAGCAATTAATTTTATTACAACAATTATTAACATACGATTAAATAAAATATCATTTGATCAAATACCATTATTTGTTTGAGCTGTAGGAATTACAGCATTTTTACTATTATTATCTTTACCAGTATTAGCTGGAGCTATTACAATATTATTAACTGATCGAAATTTAAATACATCATTTTTTGACCCTGCTGGAGGAGGAGATCCAATTTTATATCAACATTTATTTTGATTTTTTGGTCACCTTGAAAGTTTA,681,Unknown,Unknown,Unknown,Unknown,Biston betularia,"Biston betularia isolate WLS110721.518 cytochrome oxidase subunit I (COI) gene, partial cds; mitochondrial",30.102790014684288
MF054187.1,Hap_007,TTTCCTTTAATTTTTGGTATTTGAGCAGGAATAGTTGGAACATCTTTAAGTTTATTAATTCGGGCAGAATTAGGTAATCCAGGATCTTTAATTGGAGACGATCAAATTTATAACACTATTGTAACAGCTCATGCTTTTATTATAATTTTTTTTATAGTTATACCAATTATAATTGGGGGGTTTGGAAATTGATTAGTACCATTAATATTGGGTGCCCCAGATATAGCTTTCCCTCGAATAAATAACATAAGATTTTGACTTTTACCCCCATCTATTACACTTTTAATTTCAAGAAGAATTGTAGAAAGTGGAGCAGGAACTGGATGAACTGTTTACCCCCCATTATCTTCTAATATTGCTCACGGCGGAAGCTCTGTAGACTTAGCAATTTTTTCTCTTCATTTAGCTGGAATTTCTTCAATTTTAGGAGCAATTAATTTTATTACAACAATTATTAACATACGATTAAATAAAATATCATTTGATCAAATACCATTATTTGTTTGAGCTGTAGGAATTACAGCATTTTTACTATTATTATCTTTACCAGTATTAGCTGGAGCTATTACAATATTATTAACTGATCGAAATTTAAATACATCATTTTTTGACCCTGCTGGAGGAGGAGACCCAATTTTATATCAACATTTATTTTGATTTTTTGGTCACCCGGGAAGTTTA,681,Unknown,Unknown,Unknown,Unknown,Biston betularia,"Biston betularia isolate WLS110721.470 cytochrome oxidase subunit I (COI) gene, partial cds; mitochondrial",30.690161527165934
MF054181.1,Hap_008,CTTTCTTTATTTTTTGGTATTTGAGCAGGAATAGTTGGAACATCTTTAAGTTTATTAATTCGGGCAGAATTAGGTAATCCAGGATCTTTAATTGGAGACGATCAAATTTATAACACTATTGTAACAGCTCATGCTTTTATTATAATTTTTTTTATAGTTATACCAATTATAATTGGGGGATTTGGAAATTGATTAGTACCATTAATATTGGGTGCCCCAGATATAGCTTTCCCTCGAATAAATAACATAAGATTTTGACTTTTACCCCCATCTATTACACTTTTAATTTCAAGAAGAATTGTAGAAAGTGGAGCAGGAACTGGATGAACTGTTTACCCCCCATTATCTTCTAATATTGCTCACGGCGGAAGCTCTGTAGACTTAGCAATTTTTTCTCTTCATTTAGCTGGAATTTCTTCAATTTTAGGAGCAATTAATTTTATTACAACAATTATTAACATACGATTAAATAAAATATCATTTGATCAAATACCATTATTTGTTTGAGCTGTAGGAATTACAGCATTTTTACTATTATTATCTTTACCAGTATTAGCTGGAGCTATTACAATATTATTAACTGATCGAAATTTAAATACATCATTTTTTGACCCTGCTGGAGGAGGAGATCCAATTTTATATCAACATTTATTTTGATTTTTTGGTCACCTGGAAAGTTTA,681,Unknown,Unknown,Unknown,Unknown,Biston betularia,"Biston betularia isolate WLS110721.464 cytochrome oxidase subunit I (COI) gene, partial cds; mitochondrial",30.102790014684288
MF054004.1,Hap_009,CTTTACTTTATTTTTGGTATTTGAGCAGGAATAGTTGGAACATCTTTAAGTTTATTAATTCGGGCAGAATTAGGTAATCCAGGATCTTTAATTGGAGACGATCAAATTTATAACACTATTGTAACAGCTCATGCTTTTATTATAATTTTTTTTATAGTTATACCAATTATAATTGGGGGGTTTGGAAATTGATTAGTACCATTAATATTGGGTGCCCCAGATATAGCTTTCCCTCGAATAAATAACATAAGATTTTGACTTTTACCCCCATCTATTACACTTTTAATTTCAAGAAGAATTGTAGAAAGTGGAGCAGGAACTGGATGAACTGTTTACCCCCCATTATCTTCTAATATTGCTCACGGCGGAAGCTCTGTAGACTTAGCAATTTTTTCTCTTCATTTAGCTGGAATTTCTTCAATTTTAGGAGCAATTAATTTTATTACAACAATTATTAACATACGATTAAATAAAATATCATTTGATCAAATACCATTATTTGTTTGAGCTGTAGGAATTACAGCATTTTTACTATTATTATCTTTACCAGTATTAGCTGGAGCTATTACAATATTATTAACTGATCGAAATTTAAATACATCATTTTTTGACCCTGCTGGAGGAGGAGATCCAATTTTATATCAACATTTATTTTGATTTTTTGGTCAC,669,Unknown,Unknown,Unknown,Unknown,Biston betularia,"Biston betularia isolate WLS110721.254 cytochrome oxidase subunit I (COI) gene, partial cds; mitochondrial",30.194319880418536
MF053762.1,Hap_010,CCCTTTTATTTTGGTATTTGAGCAGGAATAGTTGGAACATCTTTAAGTTTATTAATTCGGGCAGAATTAGGTAATCCAGGATCTTTAATTGGAGACGATCAAATTTATAACACTATTGTAACAGCTCATGCTTTTATTATAATTTTTTTTATAGTTATACCAATTATAATTGGGGGGTTTGGAAATTGATTAGTACCATTAATATTGGGTGCCCCAGATATAGCTTTCCCTCGAATAAATAACATAAGATTTTGACTTTTACCCCCATCTATTACACTTTTAATTTCAAGAAGAATTGTAGAAAGTGGAGCAGGAACTGGATGAACTGTTTACCCCCCATTATCTTCTAATATTGCTCACGGCGGAAGCTCTGTAGACTTAGCAATTTTTTCTCTTCATTTAGCTGGAATTTCTTCAATTTTAGGAGCAATTAATTTTATTACAACAATTATTAACATACGATTAAATAAAATATCATTTGATCAAATACCATTATTTGTTTGAGCTGTAGGAATTACAGCATTTTTACTATTATTATCTTTACCAGTATTAGCTGGAGCTATTACAATATTATTAACTGATCGAAATTTAAATACATCATTTTTTGACCCTGCTGGAGGAGGAGATCCAATTTTATATCAACATTTATTTTGATTTTTTGGTCACCCA,669,Unknown,Unknown,Unknown,Unknown,Biston betularia,"Biston betularia isolate WLS100722.957 cytochrome oxidase subunit I (COI) gene, partial cds; mitochondrial",30.642750373692078
MF053700.1,Hap_011,GCCCTGGACTGACTCGAGGCAAGGATGGATGGAACATCTTTAAGTTTATTAATTCGGGCAGAATTAGGTAATCCAGGATCTTTAATTGGAGACGATCAAATTTATAACACTATTGTAACAGCTCATGCTTTTATTATAATTTTTTTTATAGTTATACCAATTATAATTGGGGGGTTTGGAAATTGATTAGTACCATTAATATTGGGTGCCCCAGATATAGCTTTCCCTCGAATAAATAACATAAGATTTTGACTTTTACCCCCATCTATTACACTTTTAATTTCAAGAAGAATTGTAGAAAGTGGAGCAGGAACTGGATGAACTGTTTACCCCCCATTATCTTCTAATATTGCTCACGGCGGAAGCTCTGTAGACTTAGCAATTTTTTCTCTTCATTTAGCTGGAATTTCTTCAATTTTAGGAGCAATTAATTTTATTACAACAATTATTAACATACGATTAAATAAAATATCATTTGATCAAATACCATTATTTGTTTGAGCTGTAGGAATTACAGCATTTTTACTATTATTATCTTTACCAGTATTAGCTGGAGCTATTACAATATTATTAACTGATCGAAATTTAAATACATCATTTTTTGACCCTGCTGGAGGAGGAGATCCAATTTTATATCAACATTTATTTTGATTTTTTGGTCACCCTGGAAGTTTA,675,Unknown,Unknown,Unknown,Unknown,Biston betularia,"Biston betularia isolate WLS100722.782 cytochrome oxidase subunit I (COI) gene, partial cds; mitochondrial",31.851851851851855
MF053670.1,Hap_012,TCCTTTATTTTTGGTATTTGAGCAGGAATAGTTGGAACATCTTTAAGTTTATTAATTCGGGCAGAATTAGGTAATCCAGGATCTTTAATTGGAGACGATCAAATTTATAACACTATTGTAACAGCTCATGCTTTTATTATAATTTTTTTTATAGTTATACCAATTATAATTGGGGGGTTTGGAAATTGATTAGTACCATTAATATTGGGTGCCCCAGATATAGCTTTCCCTCGAATAAATAACATAAGATTTTGACTTTTACCCCCATCTATTACACTTTTAATTTCAAGAAGAATTGTAGAAAGTGGAGCAGGAACTGGATGAACTGTTTACCCCCCATTATCTTCTAATATTGCTCACGGCGGAAGCTCTGTAGACTTAGCAATTTTTTCTCTTCATTTAGCTGGAATTTCTTCAATTTTAGGAGCAATTAATTTTATTACAACAATTATTAACATACGATTAAATAAAATATCATTTGATCAAATACCATTATTTGTTTGAGCTGTAGGAATTACAGCATTTTTACTATTATTATCTTTACCAGTATTAGCTGGAGCTATTACAATATTATTAACTGATCGAAATTTAAATACATCATTTTTTGACCCTGCTGGAGGAGGAGATCCAATTTTATATCAACATTTATTTTGATTTTTTGGTCACTGGGAAGTTTTTAAA,681,Unknown,Unknown,Unknown,Unknown,Biston betularia,"Biston betularia isolate WLS100722.727 cytochrome oxidase subunit I (COI) gene, partial cds; mitochondrial",30.2496328928047
MF053668.1,Hap_013,AACCTTTATTTTTGGTATTTGAGCAGGATAGTTGGAACATCTTTAAGTTTATTAATTCGGGCAGAATTAGGTAATCCAGGATCTTTAATTGGAGACGATCAAATTTATAACACTATTGTAACAGCTCATGCTTTTATTATAATTTTTTTTATAGTTATACCAATTATAATTGGGGGGTTTGGAAATTGATTAGTACCATTAATATTGGGTGCCCCAGATATAGCTTTCCCTCGAATAAATAACATAAGATTTTGACTTTTACCCCCATCTATTACACTTTTAATTTCAAGAAGAATTGTAGAAAGTGGAGCAGGAACTGGATGAACTGTTTACCCCCCATTATCTTCTAATATTGCTCACGGCGGAAGCTCTGTAGACTTAGCAATTTTTTCTCTTCATTTAGCTGGAATTTCTTCAATTTTAGGAGCAATTAATTTTATTACAACAATTATTAACATACGATTAAATAAAATATCATTTGATCAAATACCATTATTTGTTTGAGCTGTAGGAATTACAGCATTTTTACTATTATTATCTTTACCAGTATTAGCTGGAGCTATTACAATATTATTAACTGATCGAAATTTAAATACATCATTTTTTGACCCTGCTGGAGGAGGAGATCCAATTTTATATCAACATTTATTTTGATTTTTTGGTCACCCA,669,Unknown,Unknown,Unknown,Unknown,Biston betularia,"Biston betularia isolate WLS100722.724 cytochrome oxidase subunit I (COI) gene, partial cds; mitochondrial",30.493273542600896
MF053662.1,Hap_014,GTTTGTAGGTATTTGAGCAGGATAGTTGGAACATCTTTAAGTTTATTAATTCGGGCAGAATTAGGTAATCCAGGATCTTTAATTGGAGACGAACAAATTTATAACACTATTGTAACAGCTCATGCTTTTATTATAATTTTTTTTATAGTTATACCAATTATAATTGGGGGATTTGGAAATTGATTAGTACCATTAATATTGGGTGCCCCAGATATAGCTTTCCCTCGAATAAATAACATAAGATTTTGACTTTTACCCCCATCTATTACACTTTTAATTTCAAGAAGAATTGTAGAAAGTGGAGCAGGAACTGGATGAACTGTTTACCCCCCATTATCTTCTAATATTGCTCACGGCGGAAGCTCTGTAGACTTAGCAATTTTTTCTCTTCATTTAGCTGGAATTTCTTCAATTTTAGGAGCAATTAATTTTATTACAACAATTATTAACATACGATTAAATAAAATATCATTTGATCAAATACCATTATTTGTTTGAGCTGTAGGAATTACAGCATTTTTACTATTATTATCTTTACCAGTATTAGCTGGAGCTATTACAATATTATTAACTGATCGAAATTTAAATACATCATTTTTTGACCCTGCTGGAGGAGGAGATCCAATTTTATATCAACATTTATTTTGATTTTTTGGTCAC,660,Unknown,Unknown,Unknown,Unknown,Biston betularia,"Biston betularia isolate WLS100722.716 cytochrome oxidase subunit I (COI) gene, partial cds; mitochondrial",30.454545454545457
MF053648.1,Hap_015,CGGTGGGATTTGAGCAGGATAGTTGGAACATCTTTAAGTTTATTAATTCGGGCAGAATTAGGTAATCCAGGATCTTTAATTGGAGACGATCAAATTTATAACACTATTGTAACAGCTCATGCTTTTATTATAATTTTTTTTATAGTTATACCAATTATAATTGGGGGGTTTGGAAATTGATTAGTACCATTAATATTGGGTGCCCCAGATATAGCTTTCCCTCGAATAAATAACATAAGATTTTGACTTTTACCCCCATCTATTACACTTTTAATTTCAAGAAGAATTGTAGAAAGTGGAGCAGGAACTGGATGAACTGTTTACCCCCCATTATCTTCTAATATTGCTCACGGCGGAAGCTCTGTAGACTTAGCAATTTTTTCTCTTCATTTAGCTGGAATTTCTTCAATTTTAGGAGCAATTAATTTTATTACAACAATTATTAACATACGATTAAATAAAATATCATTTGATCAAATACCATTATTTGTTTGAGCTGTAGGAATTACAGCATTTTTACTATTATTATCTTTACCAGTATTAGCTGGAGCTATTACAATATTATTAACTGATCGAAATTTAAATACATCATTTTTTGACCCTGCTGGAGGAGGAGATCCAATTTTATATCAACATTTATTTTGATTTTTTGGTCACCCA,660,Unknown,Unknown,Unknown,Unknown,Biston betularia,"Biston betularia isolate WLS100722.696 cytochrome oxidase subunit I (COI) gene, partial cds; mitochondrial",31.212121212121215
MF053614.1,Hap_016,TTTTTGGGTATTTGAGCAGGAATAGTTGGAACATCTTTAAGTTTATTAATTCGGGCAGAATTAGGTAATCCAGGATCTTTAATTGGAGACGATCAAATTTATAACACTATTGTAACAGCTCATGCTTTTATTATAATTTTTTTTATAGTTATACCAATTATAATTGGAGGGTTTGGAAATTGATTAGTACCATTAATATTGGGTGCCCCAGATATAGCTTTCCCTCGAATAAATAACATAAGATTTTGACTTTTACCCCCATCTATTACACTTTTAATTTCAAGAAGAATTGTAGAAAGTGGAGCAGGAACTGGATGAACTGTTTACCCCCCATTATCTTCTAATATTGCTCACGGCGGAAGCTCTGTAGACTTAGCAATTTTTTCTCTTCATTTAGCTGGAATTTCTTCAATTTTAGGAGCAATTAATTTTATTACAACAATTATTAACATACGATTAAATAAAATATCATTTGATCAAATACCATTATTTGTTTGAGCTGTAGGAATTACAGCATTTTTACTATTATTATCTTTACCAGTATTAGCTGGAGCTATTACAATATTATTAACTGATCGAAATTTAAATACATCATTTTTTGACCCTGCTGGAGGAGGAGATCCAATTTTATATCAACATTTATTTTGATTTTTTGGTCACCCGGAAAGTTTAAAA,675,Unknown,Unknown,Unknown,Unknown,Biston betularia,"Biston betularia isolate WLS100722.624 cytochrome oxidase subunit I (COI) gene, partial cds; mitochondrial",30.37037037037037
MF053551.1,Hap_017,ACCTTTATTTTTGGTATTTGAGCAGGAATAGTTGGAACATCTTTAAGTTTATTAATTCGAGCAGAATTAGGTAATCCAGGATCTTTAATTGGAGACGATCAAATTTATAACACTATTGTAACAGCTCATGCTTTTATTATAATTTTTTTTATAGTTATACCAATTATAATTGGGGGGTTTGGAAATTGATTAGTACCATTAATATTGGGTGCCCCAGATATAGCTTTCCCTCGAATAAATAACATAAGATTTTGACTTTTACCCCCATCTATTACACTTTTAATTTCAAGAAGAATTGTAGAAAGTGGAGCAGGAACTGGATGAACTGTTTACCCCCCATTATCTTCTAATATTGCTCACGGCGGAAGCTCTGTAGACTTAGCAATTTTTTCTCTTCATTTAGCTGGAATTTCTTCAATTTTAGGAGCAATTAATTTTATTACAACAATTATTAACATACGATTAAATAAAATATCATTTGATCAAATACCATTATTTGTTTGAGCTGTAGGAATTACAGCATTTTTACTATTATTATCTTTACCAGTATTAGCTGGAGCTATTACAATATTATTAACTGATCGAAATTTAAATACATCATTTTTTGACCCTGCTGGAGGAGGAGATCCAATTTTATATCAACATTTATTTTGATTTTTTGGTCACCCAAAA,672,Unknown,Unknown,Unknown,Unknown,Biston betularia,"Biston betularia isolate WLS100722.454 cytochrome oxidase subunit I (COI) gene, partial cds; mitochondrial",30.208333333333332
MF053547.1,Hap_018,GTTTTTTGGGTATTTCGAGCAGGAATAGTTGGAACATCTTTAAGTTTATTAATTCGGGCAGAATTAGGTAATCCAGGATCTTTAATTGGAGACGATCAAATTTATAACACTATTGTAACAGCTCATGCTTTTATTATAATTTTTTTTATAGTTATACCAATTATAATTGGGGGGTTTGGAAATTGATTAGTACCATTAATATTGGGTGCCCCAGATATAGCTTTCCCTCGAATAAATAACATAAGATTTTGACTTTTACCCCCATCTATTACACTTTTAATTTCAAGAAGAATTGTAGAAAGTGGAGCAGGAACTGGATGAACTGTTTACCCCCCATTATCTTCTAATATTGCTCACGGCGGAAGCTCTGTAGACTTAGCAATTTTTTCTCTTCATTTAGCTGGAATTTCTTCAATTTTAGGAGCAATTAATTTTATTACAACAATTATTAACATACGATTAAATAAAATATCATTTGATCAAATACCATTATTTGTTTGAGCTGTAGGAATTACAGCATTTTTACTATTATTATCTTTACCAGTATTAGCTGGAGCTATTACAATATTATTAACTGATCGAAATTTAAATACATCATTTTTTGACCCTGCTGGAGGAGGAGATCCAATTTTATATCAACATTTATTTTGATTTTTTGGTCAC,663,Unknown,Unknown,Unknown,Unknown,Biston betularia,"Biston betularia isolate WLS100722.446 cytochrome oxidase subunit I (COI) gene, partial cds; mitochondrial",30.618401206636502
MF053542.1,Hap_019,AGCTTTAGTTTTGGTATTTGAGCAGGAATAGTTGGAACATCTTTAAGTTTATTAATTCGGGCAGAATTAGGTAATCCAGGATCTTTAATTGGAGACGATCAAATTTATAACACTATTGTAACAGCTCATGCTTTTATTATAATTTTTTTTATAGTTATACCAATTATAATTGGGGGGTTTGGAAATTGATTAGTACCATTAATATTGGGTGCCCCAGATATAGCTTTCCCTCGAATAAATAACATAAGATTTTGACTTTTACCCCCATCTATTACACTTTTAATTTCAAGAAGAATTGTAGAAAGTGGAGCAGGAACTGGATGAACTGTTTACCCCCCATTATCTTCTAATATTGCTCACGGCGGAAGCTCTGTAGACTTAGCAATTTTTTCTCTTCATTTAGCTGGAATTTCTTCAATTTTAGGAGCAATTAATTTTATTACAACAATTATTAACATACGATTAAATAAAATATCATTTGATCAAATACCATTATTTGTTTGAGCTGTAGGAATTACAGCATTTTTACTATTATTATCTTTACCAGTATTAGCTGGAGCTATTACAATATTATTAACTGATCGAAATTTAAATACATCATTTTTTGACCCTGCTGGAGGAGGAGATCCAATTTTATATCAACATTTATTTTGATTTTTTGGTCCC,666,Unknown,Unknown,Unknown,Unknown,Biston betularia,"Biston betularia isolate WLS100722.440 cytochrome oxidase subunit I (COI) gene, partial cds; mitochondrial",30.630630630630627
MF053476.1,Hap_020,ATTTTAGGTATTTGAGCAGGAATAGTTGGAACATCTTTAAGTTTATTAATTCGGGCAGAATTAGGTAATCCAGGATCTTTAATTGGAGACGATCAAATTTATAACACTATTGTAACAGCTCATGCTTTTATTATAATTTTTTTTATAGTTATACCAATTATAATTGGGGGGTTTGGAAATTGATTAGTACCATTAATATTGGGTGCCCCAGATATAGCTTTCCCTCGAATAAATAACATAAGATTTTGACTTTTACCCCCATCTATTACACTTTTAATTTCAAGAAGAATTGTAGAAAGTGGAGCAGGAACTGGATGAACTGTTTACCCCCCATTATCTTCTAATATTGCTCACGGCGGAAGCTCTGTAGACTTAGCAATTTTTTCTCTTCATTTAGCTGGAATTTCTTCAATTTTAGGAGCAATTAATTTTATTACAACAATTATTAACATACGATTAAATAAAATATCATTTGATCAAATACCATTATTTGTTTGAGCTGTAGGAATTACAGCATTTTTACTATTATTATCTTTACCAGTATTAGCTGGAGCTATTACAATATTATTAACTGATCGAAATTTAAATACATCATTTTTTGACCCTGCTGGAGGAGGAGATCCAATTTTATATCAACATTTATTTTGATTTTTTGGTCACCTGGAAAGTTTT,672,Unknown,Unknown,Unknown,Unknown,Biston betularia,"Biston betularia isolate WLS100722.282 cytochrome oxidase subunit I (COI) gene, partial cds; mitochondrial",30.357142857142854
MF053464.1,Hap_021,TTCCTTTTATTTTTTGGTATTTGAGCAGGAATAGTTGGAACATCTTTAAGTTTATTAATTCGGGCAGAATTAGGTAATCCAGGATCTTTAATTGGAGACGATCAAATTTATAACACTATTGTAACAGCTCATGCTTTTATTATAATTTTTTTTATAGTTATACCAATTATAATTGGGGGGTTTGGAAATTGATTAGTACCATTAATATTGGGTGCCCCAGATATAGCTTTCCCTCGAATAAATAACATAAGATTTTGACTTTTACCCCCATCTATTACACTTTTAATTTCAAGAAGAATTGTAGAAAGTGGAGCAGGAACTGGATGAACTGTTTACCCCCCATTATCTTCTAATATTGCTCACGGCGGAAGCTCTGTAGACTTAGCAATTTTTTCTCTTCATTTAGCTGGAATTTCTTCAATTTTAGGAGCAATTAATTTTATTACAACAATTATTAACATACGATTAAATAAAATATCATTTGATCAAATACCATTATTTGTTTGAGCTGTAGGAATTACAGCATTTTTACTATTATTATCTTTACCAGTATTAGCTGGAGCTATTACAATATTATTAACTGATCGAAATTTAAATACATCATTTTTTGACCCTGCTGGAGGAGGAGATCCAATTTTATATCAACATTTATTTTGATTTTTTGGTCACCTGGAAAGTTTAAAA,684,Unknown,Unknown,Unknown,Unknown,Biston betularia,"Biston betularia isolate WLS100722.250 cytochrome oxidase subunit I (COI) gene, partial cds; mitochondrial",30.116959064327485
MF053459.1,Hap_022,CCTTTTATTTTTGGTATTTGAGCAGGAATAGTTGGAACATCTTTAAGTTTATTAATTCGGGCAGAATTAGGTAATCCAGGATCTTTAATTGGAGACGATCAAATTTATAACACTATTGTAACAGCTCATGCTTTTATTATAATTTTTTTTATAGTTATACCAATTATAATTGGGGGGTTTGGAAATTGATTAGTACCATTAATATTGGGTGCCCCAGATATAGCTTTCCCTCGAATAAATAACATAAGATTTTGACTTTTACCCCCATCTATTACACTTTTAATTTCAAGAAGAATTGTAGAAAGTGGAGCAGGAACTGGATGAACTGTTTACCCCCCATTATCTTCTAATATTGCTCACGGCGGAAGCTCTGTAGACTTAGCAATTTTTTCTCTTCATTTAGCTGGAATTTCTTCAATTTTAGGAGCAATTAATTTTATTACAACAATTATTAACATACGATTAAATAAAATATCATTTGATCAAATACCATTATTTGTTTGAGCTGTAGGAATTACAGCATTTTTACTATTATTATCTTTACCAGTATTAGCTGGAGCTATTACAATATTATTAACTGATCGAAATTTAAATACATCATTTTTTGACCCTGCTGGAGGAGGAGATCCAATTTTATATCAACATTTATTTTGATTTTTTGGTCACCCTGAAAGTTTAAAA,681,Unknown,Unknown,Unknown,Unknown,Biston betularia,"Biston betularia isolate WLS100722.234 cytochrome oxidase subunit I (COI) gene, partial cds; mitochondrial",30.2496328928047
MF053457.1,Hap_023,CATTTATTTTTTGGTATTTGAGCAGGAATAGTTGGAACATCTTTAAGTTTATTAATTCGGGCAGAATTAGGTAATCCAGGATCTTTAATTGGAGACGATCAAATTTATAACACTATTGTAACAGCTCATGCTTTTATTATAATTTTTTTTATAGTTATACCAATTATAATTGGGGGGTTTGGAAATTGATTAGTACCATTAATATTGGGTGCCCCAGATATAGCTTTCCCTCGAATAAATAACATAAGATTTTGACTTTTACCCCCATCTATTACACTTTTAATTTCAAGAAGAATTGTAGAAAGTGGAGCAGGAACTGGATGAACTGTTTACCCCCCATTATCTTCTAATATTGCTCACGGCGGAAGCTCTGTAGACTTAGCAATTTTTTCTCTTCATTTAGCTGGAATTTCTTCAATTTTAGGAGCAATTAATTTTATTACAACAATTATTAACATACGATTAAATAAAATATCATTTGATCAAATACCATTATTTGTTTGAGCTGTAGGAATTACAGCATTTTTACTATTATTATCTTTACCAGTATTAGCTGGAGCTATTACAATATTATTAACTGATCGAAATTTAAATACATCATTTTTTGACCCTGCTGGAGGAGGAGATCCAATTTTATATCAACATTTATTTTGATTTTTTGGTCACCCTGGAAGTTTAAAA,681,Unknown,Unknown,Unknown,Unknown,Biston betularia,"Biston betularia isolate WLS100722.231 cytochrome oxidase subunit I (COI) gene, partial cds; mitochondrial",30.2496328928047
MF052895.1,Hap_024,AGCAGGATAGTTGGAACATCTTTAAGTTTATTAATTCGGGCAGAATTAGGTAATCCAGGATCTTTAATTGGAGACGATCAAATTTATAACACTATTGTAACAGCTCATGCTTTTATTATAATTTTTTTTATAGTTATACCAATTATAATTGGGGGGTTTGGAAATTGATTAGTACCATTAATATTGGGTGCCCCAGATATAGCTTTCCCTCGAATAAATAACATAAGATTTTGACTTTTACCCCCATCTATTACACTTTTAATTTCAAGAAGAATTGTAGAAAGTGGAGCAGGAACTGGATGAACTGTTTACCCCCCATTATCTTCTAATATTGCTCACGGCGGAAGCTCTGTAGACTTAGCAATTTTTTCTCTTCATTTAGCTGGAATTTCTTCAATTTTAGGAGCAATTAATTTTATTACAACAATTATTAACATACGATTAAATAAAATATCATTTGATCAAATACCATTATTTGTTTGAGCTGTAGGAATTACAGCATTTTTACTATTATTATCTTTACCAGTATTAGCTGGAGCTATTACAATATTATTAACTGATCGAAATTTAAATACATCATTTTTTGACCCTGCTGGAGGAGGAGATCCAATTTTATATCAACATTTATTTTGATTTTTT,639,Unknown,Unknown,Unknown,Unknown,Biston betularia,"Biston betularia isolate SS130722.610 cytochrome oxidase subunit I (COI) gene, partial cds; mitochondrial",30.203442879499214
MF052681.1,Hap_025,GGAACATCTTTAAGTTTATTAATTCGGGCAGAATTAGGTAATCCAGGATCTTTAATTGGAGACGATCAAATTTATAACACTATTGTAACAGCTCATGCTTTTATTATAATTTTTTTTATAGTTATACCAATTATAATTGGGGGGTTTGGAAATTGATTAGTACCATTAATATTGGGTGCCCCAGATATAGCTTTCCCTCGAATAAATAACATAAGATTTTGACTTTTACCCCCATCTATTACACTTTTAATTTCAAGAAGAATTGTAGAAAGTGGAGCAGGAACTGGATGAACTGTTTACCCCCCATTATCTTCTAATATTGCTCACGGCGGAAGCTCTGTAGACTTAGCAATTTTTTCTCTTCATTTAGCTGGAATTTCTTCAATTTTAGGAGCAATTAATTTTATTACAACAATTATTAACATACGATTAAATAAAATATCATTTGATCAAATACCATTATTTGTTTGAGCTGTAGGAATTACAGCATTTTTACTATTATTATCTTTACCAGTATTAGCTGGAGCTATTACAATATTATTAACTGATCGAAATTTAAATACATCATTTTTTGACCCTGCTGGAGGAGGAGATCCAATTTTATATCAACATTTATTTTGATTTTTTGGTCAC,633,Unknown,Unknown,Unknown,Unknown,Biston betularia,"Biston betularia isolate SS130722.231 cytochrome oxidase subunit I (COI) gene, partial cds; mitochondrial",30.33175355450237
MF052448.1,Hap_026,ACATCTTTAAGTTTATTAATTCGGGCAGAATTAGGTAATCCAGGATCTTTAATTGGAGACGATCAAATTTATAACACTATTGTAACAGCTCATGCTTTTATTATAATTTTTTTTATAGTTATACCAATTATAATTGGGGGGTTTGGAAATTGATTAGTACCATTAATATTGGGTGCCCCAGATATAGCTTTCCCTCGAATAAATAACATAAGATTTTGACTTTTACCCCCATCTATTACACTTTTAATTTCAAGAAGAATTGTAGAAAGTGGAGCAGGAACTGGATGAACTGTTTACCCCCCATTATCTTCTAATATTGCTCACGGCGGAAGCTCTGTAGACTTAGCAATTTTTTCTCTTCATTTAGCTGGAATTTCTTCAATTTTAGGAGCAATTAATTTTATTACAACAATTATTAACATACGATTAAATAAAATATCATTTGATCAAATACCATTATTTGTTTGAGCTGTAGGAATTACAGCATTTTTACTATTATTATCTTTACCAGTATTAGCTGGAGCTATTACAATATTATTAACTGATCGAAATTTAAATACATCATTTTTTGACCCTGCTGGAGGAGGAGATCCAATTTTATATCAACATTTATTTTGA,618,Unknown,Unknown,Unknown,Unknown,Biston betularia,"Biston betularia isolate SS110803.280 cytochrome oxidase subunit I (COI) gene, partial cds; mitochondrial",30.097087378640776
MF052153.1,Hap_027,ACATCTTTAAGTTTATTAATTCGGGCAGAATTAGGTAATCCAGGATCTTTAATTGGAGACGATCAAATTTATAACACTATTGTAACAGCTCATGCTTTTATTATAATTTTTTTTATAGTTATACCAATTATAATTGGGGGGTTTGGAAATTGATTAGTACCATTAATATTGGGTGCCCCAGATATAGCTTTCCCTCGAATAAATAACATAAGATTTTGACTTTTACCCCCATCTATTACACTTTTAATTTCAAGAAGAATTGTAGAAAGTGGAGCAGGAACTGGATGAACTGTTTACCCCCCATTATCTTCTAATATTGCTCACGGCGGAAGCTCTGTAGACTTAGCAATTTTTTCTCTTCATTTAGCTGGGATTTCTTCAATTTTAGGAGCAATTAATTTTATTACAACAATTATTAACATACGATTAAATAAAATATCATTTGATCAAATACCATTATTTGTTTGAGCTGTAGGAATTACAGCATTTTTACTATTATTATCTTTACCAGTATTAGCTGGAGCTATTACAATATTATTAACTGATCGAAATTTAAATACATCATTTTTTGACCCTGCTGGAGGAGGAGATCCAATTTTATATCAACATTTATTTTGA,618,Unknown,Unknown,Unknown,Unknown,Biston betularia,"Biston betularia isolate SS110719.148 cytochrome oxidase subunit I (COI) gene, partial cds; mitochondrial",30.258899676375407
MF051278.1,Hap_028,TATTTCTTTATTTTTGGTATTTGAGCAGGAATAGTTGGAACATCTTTAAGTTTATTAATTCGGGCAGAATTAGGTAATCCAGGATCTTTAATTGGAGACGATCAAATTTATAACACTATTGTAACAGCTCATGCTTTTATTATAATTTTTTTTATAGTTATACCAATTATAATTGGGGGGTTTGGAAATTGATTAGTACCATTAATATTGGGTGCCCCAGATATAGCTTTCCCTCGAATAAATAACATAAGATTTTGACTTTTACCCCCATCTATTACACTTTTAATTTCAAGAAGAATTGTAGAAAGTGGAGCAGGAACTGGATGAACTGTTTACCCCCCATTATCTTCTAATATTGCTCACGGCGGAAGCTCTGTAGACTTAGCAATTTTTTCTCTTCATTTAGCTGGAATTTCTTCAATTTTAGGAGCAATTAATTTTATTACAACAATTATTAACATACGATTAAATAAAATATCATTTGATCAAATACCATTATTTGTTTGAGCTGTAGGAATTACAGCATTTTTACTATTATTATCTTTACCAGTATTAGCTGGAGCTATTACAATATTATTAACTGATCGAAATTTAAATACATCATTTTTTGACCCTGCTGGAGGAGGAGATCCAATTTTATATCAACATTTATTTTGATTTTTTGGTCACCTTGGAAGTTTT,681,Unknown,Unknown,Unknown,Unknown,Biston betularia,"Biston betularia isolate LBGM100726.282 cytochrome oxidase subunit I (COI) gene, partial cds; mitochondrial",30.102790014684288
MF051181.1,Hap_029,ATCCTTTTTTTTTTTGGTATTTGAGCAGGAATAGTTGGAACATCTTTAAGTTTATTAATTCGGGCAGAATTAGGTAATCCAGGATCTTTAATTGGAGACGATCAAATTTATAACACTATTGTAACAGCTCATGCTTTTATTATAATTTTTTTTATAGTTATACCAATTATAATTGGGGGGTTTGGAAATTGATTAGTACCATTAATATTGGGTGCCCCAGATATAGCTTTCCCTCGAATAAATAACATAAGATTTTGACTTTTACCCCCATCTATTACACTTTTAATTTCAAGAAGAATTGTAGAAAGTGGAGCAGGAACTGGATGAACTGTTTACCCCCCATTATCTTCTAATATTGCTCACGGCGGAAGCTCTGTAGACTTAGCAATTTTTTCTCTTCATTTAGCTGGAATTTCTTCAATTTTAGGAGCAATTAATTTTATTACAACAATTATTAACATACGATTAAATAAAATATCATTTGATCAAATACCATTATTTGTTTGAGCTGTAGGAATTACAGCATTTTTACTATTATTATCTTTACCAGTATTAGCTGGAGCTATTACAATACTATTAACTGATCGAAATTTAAATACATCATTTTTTGACCCTGCTGGAGGAGGAGATCCAATTTTATATCAACATTTATTTTGATTTTTTTGGTCACCCTGAAGCTTA,681,Unknown,Unknown,Unknown,Unknown,Biston betularia,"Biston betularia isolate LBGM100726.146 cytochrome oxidase subunit I (COI) gene, partial cds; mitochondrial",30.54331864904552
MF050595.1,Hap_030,AGTTTATTAATTCGGGCAGAATTAGGTAATCCAGGATCTTTAATTGGAGACGATCAAATTTATAACACTATTGTAACAGCTCATGCTTTTATTATAATTTTTTTTATAGTTATACCAATTATAATTGGGGGGTTTGGAAATTGATTAGTACCATTAATATTGGGTGCCCCAGATATAGCTTTCCCTCGAATAAATAACATAAGATTTTGACTTTTACCCCCATCTATTACACTTTTAATTTCAAGAAGAATTGTAGAAAGTGGAGCAGGAACTGGATGAACTGTTTACCCCCCATTATCTTCTAATATTGCTCACGGCGGAAGCTCTGTAGACTTAGCAATTTTTTCTCTTCATTTAGCTGGAATTTCTTCAATTTTAGGAGCAATTAATTTTATTACAACAATTATTAACATACGATTAAATAAAATATCATTTGATCAAATACCATTATTTGTTTGAGCTGTAGGAATTACAGCATTTTTACTATTATTATCTTTACCAGTATTAGCTGGAGCTATTACAATATTATTAACTGATCGAAATTTAAATACATCATTTTTTGACCCTGCTGGAGGAGGAGATCCAATTTTATATCAACATTTATTTTGATTTTTTGGT,618,Unknown,Unknown,Unknown,Unknown,Biston betularia,"Biston betularia isolate JG110802.009 cytochrome oxidase subunit I (COI) gene, partial cds; mitochondrial",30.097087378640776
MF050199.1,Hap_031,ACATCTTTAAGTTTATTAATTCGGGCAGAATTAGGTAATCCAGGATCTTTAATTGGAGACGATCAAATTTATAACACTATTGTAACAGCTCATGCTTTTATTATAATTTTTTTTATAGTTATACCAATTATAATTGGGGGGTTTGGAAATTGATTAGTACCATTAATATTGGGTGCCCCAGATATAGCTTTCCCTCGAATAAATAACATAAGATTTTGACTTTTACCCCCATCTATTACACTTTTAATTTCAAGAAGAATTGTAGAAAGTGGAGCAGGAACTGGATGAACTGTTTACCCCCCATTATCTTCTAATATTGCTCACGGCGGAAGCTCTGTAGACTTAGCAATTTTTTCTCTTCATTTAGCTGGAATTTCTTCAATTTTAGGAGCAATTAATTTTATTACAACAATTATTAACATACGATTAAATAAAATATCATTTGATCAAATACCATTATTTGTTTGAGCTGTAGGAATTACAGCATTTTTACTATTATTATCTTTACCAGTATTAGCTGGAGCTATTACAATATTATTAACTGATCGAAATTTAAATACATCATTTTTTGACCCTGCTGGAGGAGGAGATCCAATTTTATATCAACATTTATTTTGATTTTTTGGTCACCTGAAG,636,Unknown,Unknown,Unknown,Unknown,Biston betularia,"Biston betularia isolate DLS110722.297 cytochrome oxidase subunit I (COI) gene, partial cds; mitochondrial",30.345911949685533
MF050189.1,Hap_032,CTTGGTTTGAGCAGGATAGTTGGAACATCTTTAAGTTTATTAATTCGGGCAGAATTAGGTAATCCAGGATCTTTAATTGGAGACGATCAAATTTATAACACTATTGTAACAGCTCATGCTTTTATTATAATTTTTTTTATAGTTATACCAATTATAATTGGGGGGTTTGGAAATTGATTAGTACCATTAATATTGGGTGCCCCAGATATAGCTTTCCCTCGAATAAATAACATAAGATTTTGACTTTTACCCCCATCTATTACACTTTTAATTTCAAGAAGAATTGTAGAAAGTGGAGCAGGAACTGGATGAACTGTTTACCCCCCATTATCTTCTAATATTGCTCACGGCGGAAGCTCTGTAGACTTAGCAATTTTTTCTCTTCATTTAGCTGGAATTTCTTCAATTTTAGGAGCAATTAATTTTATTACAACAATTATTAACATACGATTAAATAAAATATCATTTGATCAAATACCATTATTTGTTTGAGCTGTAGGAATTACAGCATTTTTACTATTATTATCTTTACCAGTATTAGCTGGAGCTATTACAATATTATTAACTGATCGAAATTTAAATACATCATTTTTTGACCCTGCTGGAGGAGGAGACCCAATTTTATATCAACATTTATTTTGATTTTTTGGTCACCCTGGAAGTTTAAACTCC,672,Unknown,Unknown,Unknown,Unknown,Biston betularia,"Biston betularia isolate DLS110722.284 cytochrome oxidase subunit I (COI) gene, partial cds; mitochondrial",31.25
MF050177.1,Hap_033,TGTTTGAGCAGGATAGTTGGAACATCTTTAAGTTTATTAATTCGGGCAGAATTAGGTAATCCAGGATCTTTAATTGGAGACGATCAAATTTATAACACTATTGTAACAGCTCATGCTTTTATTATAATTTTTTTTATAGTTATACCAATTATAATTGGGGGGTTTGGAAATTGATTAGTACCATTAATATTGGGTGCCCCAGATATAGCTTTCCCTCGAATAAATAACATAAGATTTTGACTTTTACCCCCATCTATTACACTTTTAATTTCAAGAAGAATTGTAGAAAGTGGAGCAGGAACTGGATGAACTGTTTACCCCCCATTATCTTCTAATATTGCTCACGGCGGAAGCTCTGTAGACTTAGCAATTTTTTCTCTTCATTTAGCTGGAATTTCTTCAATTTTAGGAGCAATTAATTTTATTACAACAATTATTAACATACGATTAAATAAAATATCATTTGATCAAATACCATTATTTGTTTGAGCTGTAGGAATTACAGCATTTTTACTATTATTATCTTTACCAGTATTAGCTGGAGCTATTACAATATTATTAACTGATCGAAATTTAAATACATCATTTTTTGACCCTGCTGGAGGAGGAGATCCAATTTTATATCAACATTTATTTTGATTTTTTGGTCACCCTGGAAGTTTAAATAAT,669,Unknown,Unknown,Unknown,Unknown,Biston betularia,"Biston betularia isolate DLS110722.271 cytochrome oxidase subunit I (COI) gene, partial cds; mitochondrial",30.493273542600896
MF050150.1,Hap_034,ACATCTTTAAGTTTATTAATTCGGGCAGAATTAGGTAATCCAGGATCTTTAATTGGAGACGATCAAATTTATAACACTATTGTAACAGCTCATGCTTTTATTATAATTTTTTTTATAGTTATACCAATTATAATTGGGGGGTTTGGAAATTGATTAGTACCATTAATATTGGGTGCCCCAGATATAGCTTTCCCTCGAATAAATAACATAAGATTTTGACTTTTACCCCCATCTATTACACTTTTAATTTCAAGAAGAATTGTAGAAAGTGGAGCAGGAACTGGATGAACTGTTTACCCCCCATTATCTTCTAATATTGCTCACGGCGGAAGCTCTGTAGACTTAGCAATTTTTTCTCTTCATTTAGCTGGAATTTCTTCAATTTTAGGAGCAATTAATTTTATTACAACAATTATTAACATACGATTAAATAAAATATCATTTGATCAAATACCATTATTTGTTTGAGCTGTAGGAATTACAGCATTTTTACTATTATTATCTTTACCAGTATTAGCTGGAGCTATTACAATATTATTAACTGATCGAAATTTAAATACATCATTTTTTGACCCTGCTGGAGGAGGAGATCCAATTTTATATCAACATTTATTTTGATTTTTTGGTCACCTGAAA,636,Unknown,Unknown,Unknown,Unknown,Biston betularia,"Biston betularia isolate DLS110722.242 cytochrome oxidase subunit I (COI) gene, partial cds; mitochondrial",30.18867924528302
MF049986.1,Hap_035,TGGTATTTGAGCAGGATAGTTGGAACATCTTTAAGTTTATTAATTCGAGCAGAATTAGGTAATCCAGGATCTTTAATTGGAGACGATCAAATTTATAACACTATTGTAACAGCTCATGCTTTTATTATAATTTTTTTTATAGTTATACCAATTATAATTGGGGGGTTTGGAAATTGATTAGTACCATTAATATTGGGTGCCCCAGATATAGCTTTCCCTCGAATAAATAACATAAGATTTTGACTTTTACCCCCATCTATTACACTTTTAATTTCAAGAAGAATTGTAGAAAGTGGAGCAGGAACTGGATGAACTGTTTACCCCCCATTATCTTCTAATATTGCTCACGGCGGAAGCTCTGTAGACTTAGCAATTTTTTCTCTTCATTTAGCTGGAATTTCTTCAATTTTAGGAGCAATTAATTTTATTACAACAATTATTAACATACGATTAAATAAAATATCATTTGATCAAATACCATTATTTGTTTGAGCTGTAGGAATTACAGCATTTTTACTATTATTATCTTTACCAGTATTAGCTGGAGCTATTACAATATTATTAACTGATCGAAATTTAAATACATCATTTTTTGACCCTGCTGGAGGAGGAGATCCAATTTTATATCAACATTTATTTTGATTTTTTGGTCACCCTGGAAGTTTAAAAGAG,672,Unknown,Unknown,Unknown,Unknown,Biston betularia,"Biston betularia isolate DLS110722.030 cytochrome oxidase subunit I (COI) gene, partial cds; mitochondrial",30.654761904761905
MF049606.1,Hap_036,AAAAACTTTATTTTGGATTTGAGCAGGATAGTTGGAACATCTTTAAGTTTATTAATTCGGGCAGAATTAGGTAATCCAGGATCTTTAATTGGAGACGATCAAATTTATAACACTATTGTAACAGCTCATGCTTTTATTATAATTTTTTTTATAGTTATACCAATTATAATTGGGGGGTTTGGAAATTGATTAGTACCATTAATATTGGGTGCCCCAGATATAGCTTTCCCTCGAATAAATAACATAAGATTTTGACTTTTACCCCCATCTATTACACTTTTAATTTCAAGAAGAATTGTAGAAAGTGGAGCAGGAACTGGATGAACTGTTTACCCCCCATTATCTTCTAATATTGCTCACGGCGGAAGCTCTGTAGACTTAGCAATTTTTTCTCTTCATTTAGCTGGAATTTCTTCAATTTTAGGAGCAATTAATTTTATTACAACAATTATTAACATACGATTAAATAAAATATCATTTGATCAAATACCATTATTTGTTTGAGCTGTAGGAATTACAGCATTTTTACTATTATTATCTTTACCAGTATTAGCTGGAGCTATTACAATATTATTAACTGATCGAAATTTAAATACATCATTTTTTGACCCTGCTGGAGGAGGAGATCCAATTTTATATCAACATTTATTTTGATTTTTTGGTCACCTGGAAAAGTTTAAAAAA,684,Unknown,Unknown,Unknown,Unknown,Biston betularia,"Biston betularia isolate BHS100704.230 cytochrome oxidase subunit I (COI) gene, partial cds; mitochondrial",29.97076023391813
MF049583.1,Hap_037,CTTAACCTTTTATTTTCGGTTTTGAGCAGGATAGTTGGAACATCTTTAAGTTTATTAATTCGGGCAGAATTAGGTAATCCAGGATCTTTAATTGGAGACGATCAAATTTATAACACTATTGTAACAGCTCATGCTTTTATTATAATTTTTTTTATAGTTATACCAATTATAATTGGGGGGTTTGGAAATTGATTAGTACCATTAATATTGGGTGCCCCAGATATAGCTTTCCCTCGAATAAATAACATAAGATTTTGACTTTTACCCCCATCTATTACACTTTTAATTTCAAGAAGAATTGTAGAAAGTGGAGCAGGAACTGGATGAACTGTTTACCCCCCATTATCTTCTAATATTGCTCACGGCGGAAGCTCTGTAGACTTAGCAATTTTTTCTCTTCATTTAGCTGGAATTTCTTCAATTTTAGGAGCAATTAATTTTATTACAACAATTATTAACATACGATTAAATAAAATATCATTTGATCAAATACCATTATTTGTTTGAGCTGTAGGAATTACAGCATTTTTACTATTATTATCTTTACCAGTATTAGCTGGAGCTATTACAATATTATTAACTGATCGAAATTTAAATACATCATTTTTTGACCCTGCTGGAGGAGGAGATCCAATTTTATATCAACATTTATTTTGATTTTTTGGTCACCCA,672,Unknown,Unknown,Unknown,Unknown,Biston betularia,"Biston betularia isolate BHS100704.041 cytochrome oxidase subunit I (COI) gene, partial cds; mitochondrial",30.654761904761905
MF049581.1,Hap_038,TTTTCCCTTTATTTGGATTTGAGCAGGATAGTTGGAACATCTTTAAGTTTATTAATTCGGGCAGAATTAGGTAATCCAGGATCTTTAATTGGAGACGATCAAATTTATAACACTATTGTAACAGCTCATGCTTTTATTATAATTTTTTTTATAGTTATACCAATTATAATTGGGGGGTTTGGAAATTGATTAGTACCATTAATATTGGGTGCCCCAGATATAGCTTTCCCTCGAATAAATAACATAAGATTTTGACTTTTACCCCCATCTATTACACTTTTAATTTCAAGAAGAATTGTAGAAAGTGGAGCAGGAACTGGATGAACTGTTTACCCCCCATTATCTTCTAATATTGCTCACGGCGGAAGCTCTGTAGACTTAGCAATTTTTTCTCTTCATTTAGCTGGAATTTCTTCAATTTTAGGAGCAATTAATTTTATTACAACAATTATTAACATACGATTAAATAAAATATCATTTGATCAAATACCATTATTTGTTTGAGCTGTAGGAATTACAGCATTTTTACTATTATTATCTTTACCAGTATTAGCTGGAGCTATTACAATATTATTAACTGATCGAAATTTAAATACATCATTTTTTGACCCTGCTGGAGGAGGAGATCCAATTTTATATCAACATTTATTTTGATTTTTTGGTCACCCTGGAAGTTTA,678,Unknown,Unknown,Unknown,Unknown,Biston betularia,"Biston betularia isolate BHS100704.013 cytochrome oxidase subunit I (COI) gene, partial cds; mitochondrial",30.678466076696164
MF049541.1,Hap_039,ACCTTTATTTTTGGTATTTGAGCAGGAATAGTTGGAACATCTTTAAGTTTATTAATTCGGGCAGAATTAGGTAATCCAGGATCTTTAATTGGAGACGATCAAATTTATAACACTATTGTAACAGCTCATGCTTTTATTATAATTTTTTTTATAGTTATACCAATTATAATTGGGGGGTTTGGAAATTGATTAGTACCATTAATATTGGGTGCCCCAGATATAGCTTTCCCTCGAATAAATAACATAAGATTTTGACTTTTACCCCCATCTATTACACTTTTAATTTCAAGAAGAATTGTAGAAAGTGGAGCAGGAACTGGATGAACTGTTTACCCCCCATTATCTTCTAATATTGCTCACGGCGGAAGCTCTGTAGACTTAGCAATTTTTTCTCTTCATTTAGCTGGAATTTCTTCAATTTTAGGAGCAATTAATTTTATTACAACAATTATTAACATACGATTAAATAAAATATCATTTGATCAAATACCATTATTTGTTTGAGCTGTAGGAATTACAGCATTTTTACTATTATTATCTTTACCAGTATTAGCTGGAGCTATTACAATATTATTAACTGATCGAAATTTAAATACATCATTTTTTGACCCTGCTGGAGGAGGAGATCCAATTTTATATCAACATTTATTTTGATTTTTTGGTCACCTGGAAATTTTA,678,Unknown,Unknown,Unknown,Unknown,Biston betularia,"Biston betularia isolate BHS100703.107 cytochrome oxidase subunit I (COI) gene, partial cds; mitochondrial",30.23598820058997
MF049524.1,Hap_040,TCTCCCTTATTTTGGTATTTGAGCAGGATAGTTGGAACATCTTTAAGTTTATTAATTCGGGCAGAATTAGGTAATCCAGGATCTTTAATTGGAGACGATCAAATTTATAACACTATTGTAACAGCTCATGCTTTTATTATAATTTTTTTTATAGTTATACCAATTATAATTGGGGGGTTTGGAAATTGATTAGTACCATTAATATTGGGTGCCCCAGATATAGCTTTCCCTCGAATAAATAACATAAGATTTTGACTTTTACCCCCATCTATTACACTTTTAATTTCAAGAAGAATTGTAGAAAGTGGAGCAGGAACTGGATGAACTGTTTACCCCCCATTATCTTCTAATATTGCTCACGGCGGAAGCTCTGTAGACTTAGCAATTTTTTCTCTTCATTTAGCTGGAATTTCTTCAATTTTAGGAGCAATTAATTTTATTACAACAATTATTAACATACGATTAAATAAAATATCATTTGATCAAATACCATTATTTGTTTGAGCTGTAGGAATTACAGCATTTTTACTATTATTATCTTTACCAGTATTAGCTGGAGCTATTACAATATTATTAACTGATCGAAATTTAAATACATCATTTTTTGACCCTGCTGGAGGAGGAGATCCAATTTTATATCAACATTTTATTTTGATTTTTTGGTCACCCTGAAATTTAAAAAAA,684,Unknown,Unknown,Unknown,Unknown,Biston betularia,"Biston betularia isolate BHS100703.047 cytochrome oxidase subunit I (COI) gene, partial cds; mitochondrial",30.263157894736842
MF049523.1,Hap_041,TTTTCTTTTTTTTGGTATTTGAGCAGGATAGTTGGAACATCTTTAAGTTTATTAATTCGGGCAGAATTAGGTAATCCAGGATCTTTAATTGGAGACGATCAAATTTATAACACTATTGTAACAGCTCATGCTTTTATTATAATTTTTTTTATAGTTATACCAATTATAATTGGGGGGTTTGGAAATTGATTAGTACCATTAATATTGGGTGCCCCAGATATAGCTTTCCCTCGAATAAATAACATAAGATTTTGACTTTTACCCCCATCTATTACACTTTTAATTTCAAGAAGAATTGTAGAAAGTGGAGCAGGAACTGGATGAACTGTTTACCCCCCATTATCTTCTAATATTGCTCACGGCGGAAGCTCTGTAGACTTAGCAATTTTTTCTCTTCATTTAGCTGGAATTTCTTCAATTTTAGGAGCAATTAATTTTATTACAACAATTATTAACATACGATTAAATAAAATATCATTTGATCAAATACCATTATTTGTTTGAGCTGTAGGAATTACAGCATTTTTACTATTATTATCTTTACCAGTATTAGCTGGAGCTATTACAATATTATTAACTGATCGAAATTTAAATACATCATTTTTTGACCCTGCTGGAGGAGGAGATCCAATTTTATATCAACATTTATTTTGATTTTTTGGTCACCTGGAAAGTTTA,678,Unknown,Unknown,Unknown,Unknown,Biston betularia,"Biston betularia isolate BHS100703.043 cytochrome oxidase subunit I (COI) gene, partial cds; mitochondrial",30.23598820058997
GU694401.1,Hap_042,AACATTATACTTTATTTTTGGTATTTGAGCAGGAATAATTGGAACATCTTTAAGTTTATTAATTCGAGCAGAATTAGGTAATCCAGGATCTTTAATTGGAGATGATCAAATTTATAACACTATTGTAACAGCTCATGCTTTTATTATAATTTTTTTTATAGTTATACCAATTATAATTGGAGGATTTGGAAATTGATTAGTACCATTAATATTAGGTGCTCCAGATATAGCTTTCCCTCGAATAAATAACATAAGATTTTGACTTTTACCCCCATCAATTACACTTTTAATTTCAAGAAGAATTGTAGAAAGTGGAGCAGGAACTGGATGAACTGTTTATCCCCCATTATCTTCTAATATTGCCCACGGCGGAAGCTCTGTAGATTTGGCAATTTTTTCTCTTCATTTAGCTGGAATTTCTTCAATTTTAGGAGCAATTAATTTTATTACAACAATTATTAACATACGATTAAATAAACTATCATTTGATCAAATACCATTATTTGTTTGAGCTGTAGGAATTACAGCATTTTTACTCTTATTATCTTTACCAGTATTAGCTGGAGCTATTACAATACTATTAACTGATCGAAATTTAAATACATCATTTTTTGATCCTGCTGGAGGAGGAGATCCAATTTTATATCAACATTTATTT,658,Unknown,17-Jun-2009,43.4851 N 86.3603 W,"K.Perez, S.McCubbin, J.Cossey, A.Borisenko",Biston betularia,"Biston betularia voucher BIOUG<CAN>:09BBLEP-04791 cytochrome oxidase subunit 1 (COI) gene, partial cds; mitochondrial",29.17933130699088
KM553585.1,Hap_043,AACATTATACTTTATTTTTGGTATTTGAGCAGGAATAATTGGAACATCTTTAAGTTTATTAATTCGAGCAGAATTAGGTAATCCAGGATCTTTAATTGGAGATGATCAAATTTATAACACTATTGTAACAGCTCATGCTTTTATTATAATTTTTTTTATAGTTATACCAATTATAATTGGAGGATTTGGAAATTGATTAGTACCATTAATATTAGGTGCTCCAGATATAGCTTTCCCTCGAATAAATAACATAAGATTTTGACTTTTACCCCCATCAATTACACTTTTAATTTCAAGAAGAATTGTAGAAAGTGGAGCAGGAACTGGATGAACTGTTTATCCCCCATTATCTTCTAATATTGCCCACGGCGGAAGCTCTGTAGATTTGGCAATTTTTTCTCTTCATTTAGCTGGAATTTCTTCAATTTTAGGAGCAATTAATTTTATTACAACAATTATTAACATACGATTAAATAAACTATCATTTGATCAAATACCATTATTTGTTTGAGCTGTAGGAATTACAGCATTTTTACTCTTATTATCTTTACCAGTATTAGCTGGAGCTATTACAATACTATTAACTGATCGAAATTTAAATACATCATT,609,Unknown,12-Jun-2008,45.23 N 81.53 W,BIObus 2008,Biston betularia,"Biston betularia voucher PPBP-1308 cytochrome oxidase subunit 1 (COI) gene, partial cds; mitochondrial",28.899835796387517
KM552656.1,Hap_044,AACATTATACTTTATTTTTGGTATTTGAGCAGGAATAATTGGAACATCTTTAAGTTTATTAATTCGAGCAGAATTAGGTAATCCAGGATCTTTAATTGGAGATGATCAAATCTATAACACTATTGTAACAGCTCATGCTTTTATTATAATTTTTTTTATAGTTATACCAATTATAATTGGAGGATTTGGAAATTGATTAGTACCATTAATATTAGGTGCTCCAGATATAGCTTTCCCTCGAATAAATAACATAAGATTTTGACTTTTACCCCCATCTATTACACTTTTAATTTCAAGAAGAATTGTAGAAAGTGGAGCAGGAACTGGATGAACTGTTTATCCCCCATTATCTTCTAATATTGCCCACGGCGGAAGCTCTGTAGATTTGGCAATTTTTTCTCTTCATTTAGCTGGAATTTCTTCAATTTTAGGAGCAATTAATTTTATTACAACAATTATTAACATACGATTAAATAAACTATCATTTGATCAAATACCATTATTTGTTTGAGCTGTAGGAATTACAGCATTTTTACTCTTATTATCTTTACCAGTATTAGCTGGAGCTATTACAATACTATTAACTGATCGAAATTTAAATACATCATTTTTTGACCCTGCTGGAGGAGGAGATCCAATTTTATACCAACATTTATTT,658,Unknown,09-Jul-2008,50.66 N 99.853 W,BIObus 2008,Biston betularia,"Biston betularia voucher 08BBLEP-01465 cytochrome oxidase subunit 1 (COI) gene, partial cds; mitochondrial",29.635258358662615
KM552332.1,Hap_045,AACATTATACTTTATTTTTGGTATTTGAGCAGGAATAATTGGAACATCTTTAAGTTTATTAATTCGAGCAGAATTAGGTAATCCAGGATCTTTAATTGGAGATGATCAAATTTATAACACTATTGTAACAGCTCATGCTTTTATTATAATTTTTTTTATAGTTATACCAATTATAATTGGAGGATTTGGAAATTGATTAGTACCATTAATATTAGGTGCTCCAGATATAGCTTTCCCTCGAATAAATAACATAAGATTTTGACTTTTACCCCCATCAATTACACTTTTAATTTCAAGAAGAATTGTAGAAAGTGGAGCAGGAACTGGATGAACTGTTTATCCCCCATTATCTTCTAATATTGCCCACGGCGGAAGCTCTGTAGATTTGGCAATTTTTTCTCTTCATTTAGCTGGAATTTCTTCAATTTTAGGAGCAATTAATTTTATTACAACAATTATTAACATACGATTAAATAAACTATCATTTGATCAAATACCATTATTTGTTTGAGCTGTAGGAATTACAGCATTTTTACTCTTATTATCTTTACCAGTATTAGCTGGAGCTATTACAATACTA,580,Unknown,13-Aug-2012,53.85 N 106.078 W,Eric Knight,Biston betularia,"Biston betularia voucher BIOUG04566-F12 cytochrome oxidase subunit 1 (COI) gene, partial cds; mitochondrial",29.310344827586203
KM541935.1,Hap_046,AACATTATACTTTATTTTTGGTATTTGAGCAGGAATAGTTGGAACATCTTTAAGTTTATTAATTCGAGCAGAATTAGGTAACCCAGGATCTTTAATTGGAGATGATCAAATTTATAACACTATTGTAACAGCTCATGCTTTTATTATAATTTTTTTTATAGTTATACCAATTATAATTGGAGGATTTGGAAATTGATTAGTACCATTAATACTAGGTGCTCCAGATATGGCTTTCCCTCGAATAAACAACATAAGATTTTGACTTTTACCCCCATCTATTACACTTTTAATTTCAAGAAGAATTGTAGAAAGTGGAGCAGGAACTGGATGAACTGTTTACCCTCCCTTATCTTCTAATATTGCTCATGGCGGAAGCTCTGTAGATTTAGCAATTTTTTCTCTTCATTTAGCTGGAATTTCTTCAATTTTAGGAGCAATTAATTTTATTACAACAATTATTAACATACGATTAAATAAATTATCATTTGATCAAATACCATTATTTGTTTGAGCTGTAGGAATTACAGCATTTTTACTCTTATTATCTTTACCAGTATTAGCTGGAGCTATTACTATATTATTAACTGATCGAAATTTAAATACATCATTTTTTGACCCTGCTGGAGGAGGAGATCCAATTTTATATCAACATTTATTT,658,Unknown,27-Jul-2008,49.104 N 113.959 W,BIObus 2008,Biston betularia,"Biston betularia voucher 08BBLEP-02633 cytochrome oxidase subunit 1 (COI) gene, partial cds; mitochondrial",29.48328267477204
KM539765.1,Hap_047,AACATTATACTTTATTTTTGGTATTTGAGCAGGAATAATTGGAACATCTTTAAGTTTATTAATTCGAGCAGAATTAGGTAATCCAGGATCTTTAATTGGAGATGATCAAATTTATAACACTATTGTAACAGCTCATGCTTTTATTATAATTTTTTTTATAGTTATACCAATTATAATTGGAGGATTTGGAAATTGATTAGTACCATTAATATTAGGTGCTCCAGATATAGCTTTCCCTCGAATAAATAACATAAGATTTTGACTTTTACCCCCATCTATTACACTTTTAATTTCAAGAAGAATTGTAGAAAGTGGAGCAGGAACTGGATGAACTGTTTATCCCCCATTATCTTCTAATATTGCCCACGGCGGAAGCTCTGTAGATTTGGCAATTTTTTCTCTTCATTTAGCTGGAATTTCTTCAATTTTAGGAGCAATTAATTTTATTACAACAATTATTAACATACGATTAAATAAACTATCATTTGATCAAATACCATTATTTGTTTGAGCTGTAGGAATTACAGCATTTTTACTCTTATTATCTTTACCAGTATTAGCTGGAGCTATTACAATACTATT,582,Unknown,30-Aug-2012,48.673 N 123.429 W,Rob Walker,Biston betularia,"Biston betularia voucher BIOUG03118-F01 cytochrome oxidase subunit 1 (COI) gene, partial cds; mitochondrial",29.20962199312715
HQ990929.1,Hap_048,AACGTTATACTTTATTTTTGGTATTTGAGCAGGAATAGTTGGAACCTCTTTAAGTTTATTAATTCGAGCAGAATTAGGTAACCCAGGATCTTTAATTGGAGATGATCAAATTTATAATACTATTGTAACAGCTCATGCTTTTATTATAATTTTTTTTATAGTTATACCAATTATAATTGGAGGATTTGGAAATTGATTAGTACCATTAATATTAGGTGCCCCAGATATAGCTTTCCCTCGAATAAATAACATAAGATTTTGACTTTTACCTCCATCTATTACACTTTTAATTTCAAGAAGAATTGTAGAAAGTGGAGCAGGAACTGGATGAACTGTTTACCCCCCTTTATCTTCTAATATTGCTCATGGCGGAAGCTCTGTAGACTTAGCAATTTTTTCCCTTCATTTAGCTGGAATTTCTTCAATTTTAGGAGCAATTAATTTTATTACAACAATTATTAATATACGATTAAATAAATTATCATTTGATCAAATACCATTATTTGTTTGAGCTGTAGGAATTACAGCATTTTTACTTTTATTATCTTTACCAGTATTAGCTGGAGCTATTACAATGTTATTAACTGATCGAAATTTAAATACATCATTTTTTGACCCTGCTGGGGGAGGAGACCCAATTTTATATCAACATTTATTT,658,Unknown,01-Aug-2010,33.7333 N 72.80 E,S. Akhtar,Biston betularia,"Biston betularia voucher NIBGE MOT-00224 cytochrome oxidase subunit 1 (COI) gene, partial cds; mitochondrial",29.635258358662615
HM396548.1,Hap_049,TATTTGAGCAGGAATAATTGGAACATCTTTAAGTTTATTAATTCGAGCAGAATTAGGTAATCCAGGGTCTTTAATTGGGGATGACCAAATTTATAACACTATTGTAACAGCTCATGCTTTTATTATAATTTTTTTTATAGTTATACCAATTATAATTGGGGGATTTGGAAATTGATTAGTACCATTAATATTAGGTGCTCCAGATATAGCTTTCCCTCGAATAAATAACATAAGATTTTGACTTTTACCCCCATCTATTACACTTTTAATTTCAAGAAGAATTGTAGAAAGTGGAGCAGGAACTGGATGAACTGTTTACCCCCCATTATCTTCTAATATTGCCCACGGCGGAAGCTCTGTAGATTTGGCAATTTTTTCTCTTCATTTAGCTGGAATTTCTTCAATTTTAGGAGCAATTAATTTTATTACAACAATTATTAATATACGATTAAATAAACTATCATTTGATCAAATACCATTATTTGTTTGAGCTGTAGGAATTACAGCGTTTTTACTCTTATTATCTTTACCAGTATTAGCTGGAGCTATTACAATACTATTAACTGATCGAAATTTAAATACATCATTTTTTGACCCTGCTGGAGGAGGAGATCCAATTTTATACCAACATTTATTT,637,Unknown,Unknown,61.108 N 28.799 E,"Marko Mutanen, Panu Vaelimaeki",Biston betularia,"Biston betularia voucher MM01227 cytochrome oxidase subunit 1 (COI) gene, partial cds; mitochondrial",30.612244897959183
HM396504.1,Hap_050,TTTAAGTTTATTAATTCGAGCAGAATTAGGTAATCCAGGGTCTTTAATTGGGGATGACCAAATTTATAACACTATTGTAACAGCTCATGCTTTTATTATAATTTTTTTTATAGTTATACCAATTATAATTGGGGGATTTGGAAATTGATTAGTACCATTAATATTAGGTGCTCCAGATATAGCTTTCCCTCGAATAAATAACATAAGATTTTGACTTTTACCCCCATCTATTACACTTTTAATTTCAAGAAGAATTGTAGAAAGTGGAGCAGGAACTGGATGAACTGTTTACCCCCCATTATCTTCTAATATTGCCCACGGCGGAAGCTCTGTAGATTTGGCAATTTTTTCTCTTCATTTAGCTGGAATTTCTTCAATTTTAGGAGCAATTAATTTTATTACAACAATTATTAATATACGATTAAATAAACTATCATTTGATCAAATACCATTATTTGTTTGAGCTGTAGGAATTACAGCGTTTTTACTCTTATTATCTTTACCAGTATTAGCTGGAGCTATTACAATACTATTAACTGATCGAAATTTAAATACATCATTTTTTGACCCTGCTGGAGGAGGAGATCCAATTTTATATCAACATTTATTT,610,Unknown,Unknown,61.108 N 28.799 E,"Marko Mutanen, Panu Vaelimaeki",Biston betularia,"Biston betularia voucher MM01128 cytochrome oxidase subunit 1 (COI) gene, partial cds; mitochondrial",30.327868852459016
HM396503.1,Hap_051,AATTCGAGCAGAATTAGGTAATCCAGGGTCTTTAATTGGGGATGACCAAATTTATAACACTATTGTAACAGCTCATGCTTTTATTATAATTTTTTTTATAGTTATACCAATTATAATTGGGGGATTTGGAAATTGATTAGTACCATTAATATTAGGTGCTCCAGATATAGCTTTCCCTCGAATAAATAACATAAGATTTTGACTTTTACCCCCATCTATTACACTTTTAATTTCAAGAAGAATTGTAGAAAGTGGAGCAGGAACTGGATGAACTGTTTACCCCCCATTATCTTCTAATATTGCCCACGGCGGAAGCTCTGTAGATTTGGCAATTTTTTCTCTTCATTTAGCTGGAATTTCTTCAATTTTAGGAGCAATTAATTTTATTACAACAATTATTAATATACGATTAAATAAACTATCATTTGATCAAATACCATTATTTGTTTGAGCTGTAGGAATTACAGCGTTTTTACTCTTATTATCTTTACCAGTATTAGCTGGAGCTATTACAATACTATTAACTGATCGAAATTTAAATACATCATTTTTTGACCCTGCTGGAGGAGGAGATCCAATTTTATATCAACATTTATTT,598,Unknown,Unknown,61.108 N 28.799 E,"Marko Mutanen, Panu Vaelimaeki",Biston betularia,"Biston betularia voucher MM01127 cytochrome oxidase subunit 1 (COI) gene, partial cds; mitochondrial",30.76923076923077
MG364177.1,Hap_052,GAGCAGGAATAATTGGAACATCTTTAAGTTTATTAATTCGAGCAGAATTAGGTAATCCAGGATCTTTAATTGGAGATGATCAAATTTATAACACTATTGTAACAGCTCATGCTTTTATTATAATTTTTTTTATAGTTATACCAATTATAATTGGGGGATTTGGAAATTGATTAGTACCATTAATATTAGGTGCTCCAGATATAGCTTTCCCTCGAATAAATAACATAAGATTTTGACTTTTACCCCCATCTATTACACTTTTAATTTCAAGAAGAATTGTAGAAAATGGAGCAGGAACTGGATGAACTGTTTATCCCCCATTATCTTCTAATATTGCCCACGGCGGAAGCTCTGTAGATTTGGCAATTTTTTCTCTTCATTTAGCTGGAATTTCTTCAATTTTAGGAGCAATTAATTTTATTACAACAATTATTAACATACGATTAAA,448,Unknown,06-Apr-1994,52.58 N 122.20 W,"Guppy, C.S.",Biston betularia,"Biston betularia voucher CGWC-0748 cytochrome oxidase subunit 1 (COI) gene, partial cds; mitochondrial",30.357142857142854
MG363780.1,Hap_053,TAATTGGAACATCTTTAAGTTTATTAATTCGAGCAGAATTAGGTAATCCAGGATCTTTAATTGGAGATGATCAAATTTATAACACTATTGTAACAGCTCATGCTTTTATTATAATTTTTTTTATAGTTATACCAATTATAATTGGGGGGTTTGGAAATTGATTAGTACCATTAATATTAGGTGCTCCAGATATAGCTTTCCCTCGAATAAATAACATAAGATTTTGACTTTTACCCCCATCTATTACACTTTTAATTTCAAGAAGAATTGTAGAAAATGGAGCAGGAACTGGATGAACTGTTTATCCCCCATTATCTTCTAATATTGCCCACGGCGGAAGCTCTGTAGATTTGGCAATTTTTTCTCTTCATTTAGCTGGAATTTCTTCAATTTTAGGAGCAATTAATTTTATTACAACAATTATTAACATACGATTAAA,439,Unknown,31-Jul-2005,51.0859 N 117.921 W,Keith Pickthorn,Biston betularia,"Biston betularia voucher HLC-22790 cytochrome oxidase subunit 1 (COI) gene, partial cds; mitochondrial",30.068337129840543
MG362827.1,Hap_054,TAATTGGAACATCTTTAAGTTTATTAATTCGAGCAGAATTAGGTAATCCAGGATCTTTAATTGGAGATGATCAAATTTATAACACTATTGTAACAGCTCATGCTTTTATTATAATTTTTTTTATAGTTATACCAATTATAATTGGGGGATTTGGAAATTGATTAGTACCATTAATATTAGGTGCTCCAGATATAGCTTTCCCTCGAATAAATAACATAAGATTTTGACTTTTACCCCCATCTATTACACTTTTAATTTCAAGAAGAATTGTAGAAAGTGGAGCAGGAACTGGATGAACTGTTTATCCCCCATTATCTTCTAATATTGCCCACGGCGGAAGCTCTGTAGATTTGGCAATTTTTTCTCTTCATTTAGCTGGAATTTCTTCAATTTTAGGAGCAATTAATTTTATTACAACAATTATTAACATACGATTAAAT,440,Unknown,31-Jul-2005,51.0859 N 117.921 W,Keith Pickthorn,Biston betularia,"Biston betularia voucher HLC-22789 cytochrome oxidase subunit 1 (COI) gene, partial cds; mitochondrial",30.0
MG360832.1,Hap_055,GGATAATTGGAACATCTTTAAGTTTATTAATTCGAGCAGAATTAGGTAATCCAGGATCTTTAATTGGAGATGATCAAATTTATAACACTATTGTAACAGCTCATGCTTTTATTATAATTTTTTTTATAGTTATACCAATTATAATTGGGGGATTTGGAAATTGATTAGTACCATTAATATTAGGTGCTCCAGATATAGCTTTCCCTCGAATAAATAACATAAGATTTTGACTTTTACCCCCATCTATTACACTTTTAATTTCAAGAAGAATTGTAGAAAATGGAGCAGGAACTGGATGAACTGTTTATCCCCCATTATCTTCTAATATTGCCCACGGCGGAAGCTCTGTAGATTTGGCAATTTTTTCTCTTCATTTAGCTGGAATTTCTTCAATTTTAGGAGCAATTAATTTTATTACAACAATTATTAACATACGATTAAAT,443,Unknown,07-Dec-1996,51.951 N 122.286 W,"Fischer, Aud I.",Biston betularia,"Biston betularia voucher CGWC-0749 cytochrome oxidase subunit 1 (COI) gene, partial cds; mitochondrial",30.02257336343115
MG360091.1,Hap_056,ATTGGAACATCTTTAAGTTTATTAATTCGAGCAGAATTAGGTAATCCAGGATCTTTAATTGGAGATGATCAAATTTATAACACTATTGTAACAGCTCATGCTTTTATTATAATTTTTTTTATAGTTATACCAATTATAATTGGGGGATTTGGAAATTGATTAGTACCATTAATATTAGGTGCTCCAGATATAGCTTTCCCTCGAATAAATAACATAAGATTTTGACTTTTACCCCCATCTATTACACTTTTAATTTCAAGAAGAATTGTAGAAAATGGAGCAGGAACTGGATGAACTGTTTATCCCCCATTATCTTCTAATATTGCCCACGGCGGAAGCTCTGTAGATTTGGCAATTTTTTCTCTTCATTTAGCTGGAATTTCTTCAATTTTAGGAGCAATTAATTTTATTACAACAATTATTAACATACGATTAAAT,438,Unknown,07-Dec-1996,51.995 N 122.291 W,"Fischer, Aud I.",Biston betularia,"Biston betularia voucher CGWC-0755 cytochrome oxidase subunit 1 (COI) gene, partial cds; mitochondrial",29.908675799086758
MG359236.1,Hap_057,AGCAGGAATAATTGGAACATCTTTAAGTTTATTAATTCGAGCAGAATTAGGTAATCCAGGATCTTTAATTGGAGATGATCAAATTTATAACACTATTGTAACAGCTCATGCTTTTATTATAATTTTTTTTATAGTTATACCAATTATAATTGGGGGATTTGGAAATTGATTAGTACCATTAATATTAGGTGCTCCAGATATAGCTTTCCCTCGAATAAATAACATAAGATTTTGACTTTTACCCCCATCTATTACACTTTTAATTTCAAGAAGAATTGTAGAAAATGGAGCAGGAACTGGATGAACTGTTTATCCCCCATTATCTTCTAATATTGCCCACGGCGGAAGCTCTGTAGATTTGGCAATTTTTTCTCTTCATTTAGCTGGAATTTCTTCAATTTTAGGAGCAATTAATTTTATTACAACAATTATTAACATACGATTAAA,447,Unknown,24-Jun-1997,Unknown,"Guppy, C.S.",Biston betularia,"Biston betularia voucher CGWC-0754 cytochrome oxidase subunit 1 (COI) gene, partial cds; mitochondrial",30.201342281879196
JF842315.1,Hap_058,AACATTATACTTTATTTTTGGTATTTGAGCAGGAATAATTGGAACATCTTTAAGTTTATTAATTCGAGCAGAATTAGGTAATCCAGGATCTTTAATTGGAGATGATCAAATTTATAACACTATTGTAACAGCTCATGCTTTTATTATAATTTTTTTTATAGTTATACCAATTATAATTGGGGGATTTGGAAATTGATTAGTACCATTAATATTAGGTGCTCCAGATATAGCTTTCCCTCGAATAAATAACATAAGATTTTGACTTTTACCCCCATCTATTACACTTTTAATTTCAAGAAGAATTGTAGAAAGTGGAGCAGGAACTGGATGAACTGTTTATCCCCCATTATCTTCTAATATTGCCCACGGCGGAAGCTCTGTAGATTTGGCAATTTTTTCTCTTCATTTAGCTGGAATTTCTTCAATTTTAGGAGCAATTAATTTTATTACAACAATTATTAACATACGATTAAATAAACTATCATTTGATCAAATACCATTATTTGTTTGAGCTGTAGGAATTACAGCATTTTTACTCTTATTATCTTTACCAGTATTAGCTGGAGCTATTACAATATTATTAACTGATCGAAATTTAAATACATCATTTTTTGACCCTGCTGGAGGAGGGGATCCAATTTTATATCAACATTTATTT,658,Unknown,11-Jul-2010,50.992 N 118.157 W,BIObus 2010,Biston betularia,"Biston betularia voucher BIOUG<CAN>:10BBCLP-1303 cytochrome oxidase subunit 1 (COI) gene, partial cds; mitochondrial",29.48328267477204
HM414698.1,Hap_059,AACATTATACTTTATTTTTGGTATTTGAGCAGGAATAATTGGAACATCTTTAAGTTTATTAATTCGAGCAGAATTAGGTAATCCAGGATCTTTAATTGGAGATGATCAAATTTATAACACTATTGTAACAGCTCATGCTTTTATTATAATTTTTTTTATAGTTATACCAATTATAATTGGAGGATTTGGAAATTGATTAGTACCATTAATATTAGGTGCTCCAGATATAGCTTTCCCTCGAATAAATAACATAAGATTTTGACTTTTACCCCCATCTATTACACTTTTAATTTCAAGAAGAATTGTAGAAAGTGGAGCAGGAACTGGATGAACTGTTTATCCCCCATTATCTTCTAATATTGCCCACGGCGGAAGCTCTGTAGATTTGGCAATTTTTTCTCTTCATTTAGCTGGAATTTCTTCAATTTTAGGAGCAATTAATTTTATTACAACAATTATTAACATACGATTAAATAAACTATCATTTGATCAAATACCATTATTTGTTTGAGCTGTAGGAATTACAGCATTTTTACTCTTATTATCTTTACCAGTATTAGCTGGAGCTATTACAATACTATTAACTGATCGAAATTTAAATACATCATTTTTTGACCCTGCTGGAGGAGGAGATCCAATTTTATACCAACATTTATTT,658,Unknown,14-Jul-2009,49.6239 N 57.9323 W,"J. Cossey, R. Labbee, A. Smith, J. Smith, M. Zhang",Biston betularia,"Biston betularia voucher BIOUG<CAN>:09BBELE-0403 cytochrome oxidase subunit 1 (COI) gene, partial cds; mitochondrial",29.48328267477204
GU438772.1,Hap_060,TATGTGGAACATCTTTAAGTTTATTAATTCGAGCAGAATTAGGTAATCCAGGATCTTTAATTGGAGATGATCAAATCTATAACACTATTGTAACAGCTCATGCTTTTATTATAATTTTTTTTATAGTTATACCAATTATAATTGGAGGATTTGGAAATTGATTAGTACCATTAATATTAGGTGCTCCAGATATAGCTTTCCCTCGAATAAATAACATAAGATTTTGACTTTTACCCCCATCTATTACACTTTTAATTTCAAGAAGAATTGTAGAAAATGGAGCAGGAACTGGATGAACTGTTTATCCCCCATTATCTTCTAATATTGCCCACGGCGGAAGCTCTGTAGATTTGGCAATTTTTTCTCTTCATTTAGCTGGAATTTCTTCAATTTTAGGAGCAATTAATTTTATTACAACAATTATTAACATACGATTAAATAAACTATCATTTGATCAAATACCATTATTTGTTTGAGCTGTAGGAATTACAGCATTTTTACTCTTATTATCTTTACCAGTATTAGCTGGAGCTATTACAATACTATTAACTGATCG,556,Unknown,01-Sep-2002,43.537 N 80.1353 W,Paul D.N. Hebert,Biston betularia,"Biston betularia voucher BIOUG<CAN>:04HBL007428 cytochrome oxidase subunit 1 (COI) gene, partial cds; mitochondrial",29.856115107913666
GU093780.1,Hap_061,GATAGTTGGAACATCTTTAAGTTTATTAATTCGAGCAGAATTAGGTAACCCAGGATCTTTAATTGGAGATGATCAAATTTATAACACTATTGTAACAGCTCATGCTTTTATTATAATTTTTTTTATAGTTATACCAATTATAATTGGAGGATTTGGAAATTGATTAGTACCATTAATACTAGGTGCTCCAGATATGGCTTTCCCTCGAATAAACAACATAAGATTTTGACTTTTACCCCCATCTATTACACTTTTAATTTCAAGAAGAATTGTAGAAAGTGGAGCAGGAACTGGATGAACTGTTTACCCTCCCTTATCTTCTAATATTGCTCATGGCGGAAGCTCTGTAGATTTAGCAATTTTTTCTCTTCATTTAGCTGGAATTTCTTCAATTTTAGGAGCAATTAATTTTATTACAACAATTATTAACATACGATTAAATAAATTATCATTTGATCAAATACCATTATTTGTTTGAGCTGTAGGAATTACAGCATTTTTACTCTTATTATCTTTACCAGTATTAGCTGGAGCTATTACTATATTATTAACTGATCGAAATTTAAATACATCATTTTTTGACCCTGC,588,Unknown,08-Jun-2004,43.537 N 80.1353 W,Paul D.N. Hebert,Biston betularia,"Biston betularia voucher BIOUG<CAN>:04HBL005238 cytochrome oxidase subunit 1 (COI) gene, partial cds; mitochondrial",29.761904761904763
GU093779.1,Hap_062,AACATTATACTTTATTTTTGGTATTTGAGCAGGAATAGTTGGAACATCTTTAAGTTTATTAATTCGAGCAGAATTAAGTAACCCAGGATCTTTAATTGGAGATGATCAAATTTATAACACTATTGTAACAGCTCATGCTTTTATTATAATTTTTTTTATAGTTATACCAATTATAATTGGAGGATTTGGAAATTGATTAGTACCATTAATACTAGGTGCTCCAGATATGGCTTTCCCTCGAATAAACAACATAAGATTTTGACTTTTACCCCCATCTATTACACTTTTAATTTCAAGAAGAATTGTAGAAAGTGGAGCAGGAACTGGATGAACTGTTTACCCTCCCTTATCTTCTAATATTGCTCATGGCGGAAGCTCTGTAGATTTAGCAATTTTTTCTCTTCATTTAGCTGGAATTTCTTCAATTTTAGGAGCAATTAATTTTATTACAACAATTATTAACATACGATTAAATAAATTATCATTTGATCAAATACCATTATTTGTTTGAGCTGTAGGAATTACAGCATTTTTACTCTTATTATCTTTACCAGTATTAGCTGGAGCTATTACTATATTATTAACTGATCGAAATTTAAATACATCATTTTTTGACCCTGCTGGAGGAGGAGATCCAATTTTATATCAACATTTATTT,658,Unknown,11-Jul-2004,43.537 N 80.1353 W,Paul D.N. Hebert,Biston betularia,"Biston betularia voucher BIOUG<CAN>:04HBL005079 cytochrome oxidase subunit 1 (COI) gene, partial cds; mitochondrial",29.331306990881462
GU090345.1,Hap_063,GCAGGAATAGTTGGAACATCTTTAAGTTTATTAATTCGAGCAGAATTAGGTAACCCAGGATCTTTAATTGGAGATGATCAAATTTATAACACTATTGTAACAGCTCATGCTTTTATTATAATTTTTTTTATAGTTATACCAATTATAATTGGAGGATTTGGAAATTGATTAGTACCATTAATACTAGGTGCTCCAGATATGGCTTTCCCTCGAATAAACAACATAAGATTTTGACTTTTACCCCCATCTATTACACTTTTAATTTCAAGAAGAATTGTAGAAAGTGGAGCAGGAACTGGATGAACTGTTTACCCTCCCTTATCTTCTAATATTGCTCATGGCGGAAGCTCTGTAGATTTAGCAATTTTTTCTCTTCATTTAGCTGGAATTTCTTCAATTTTAGGAGCAATTAATTTTATTACAACAATTATTAACATACGATTAAATNAATTATCATTTGATCAAATACCATTATTTGTTTGAGCTGTAGGAATTACAGCATTTTTACTCTTATTATCTTTACCAGTATTAGCTGGAGCTATTACTATATTATTAACTGATCGAAATTTAAATACATCATTTTTTGACCCTGCTGGAGGAGGAG,604,Unknown,08-Sep-2005,43.537 N 80.1353 W,Paul D.N. Hebert,Biston betularia,"Biston betularia voucher BIOUG<CAN>:2005-ONT-1948 cytochrome oxidase subunit 1 (COI) gene, partial cds; mitochondrial",30.629139072847682
GU091560.1,Hap_064,GTAACCCAGGATCTTTAATTGGAGATGATCAAATTTATAACACTATTGTAACAGCTCATGCTTTTATTATAATTTTTTTTATAGTTATACCAATTATAATTGGAGGATTTGGAAATTGATTAGTACCATTAATACTAGGTGCTCCAGATATGGCTTTCCCTCGAATAAACAACATAAGATTTTGACTTTTACCCCCATCTATTACACTTTTAATTTCAAGAAGAATTGTAGAAAGTGGAGCAGGAACTGGATGAACTGTTTACCCTCCCTTATCTTCTAATATTGCTCATGGCGGAAGCTCTGTAGATTTAGCAATTTTTTCTCTTCATTTAGCTGGAATTTCTTCAATTTTAGGAGCAATTAATTTTATTACAACAATTATTAACATACGATTAAATAAATTATCATTTGATCAAATACCATTATTTGTTTGAGCTGTAGGAATTACAGCATTTTTACTCTTATTATCTTTACCAGTATTAGCTGGAGCTATTACTATATTATTAACTGATCGAAATTTAAATACATCATTTTTTGACCCTGCTGGAGGAGGAGATCCAATTTTATATCAACATTTATTT,581,Unknown,07-Jun-2005,43.537 N 80.1353 W,Paul D.N. Hebert,Biston betularia,"Biston betularia voucher BIOUG<CAN>:2005-ONT-223 cytochrome oxidase subunit 1 (COI) gene, partial cds; mitochondrial",29.776247848537007
GU091559.1,Hap_065,ATCCAGGATCTTTAATTGGAGATGATCAAATCTATAACACTATTGTAACAGCTCATGCTTTTATTATAATTTTTTTTATAGTTATACCAATTATAATTGGAGGATTTGGAAATTGATTAGTACCATTAATATTAGGTGCTCCAGATATAGCTTTCCCTCGAATAAATAACATAAGATTTTGACTTTTACCCCCATCTATTACACTTTTAATTTCAAGAAGAATTGTAGAAAGTGGAGCAGGAACTGGATGAACTGTTTATCCCCCATTATCTTCTAATATTGCCCACGGCGGAAGCTCTGTAGATTTGGCAATTTTTTCTCTTCATTTAGCTGGAATTTCTTCAATTTTAGGAGCAATTAATTTTATTACAACAATTATTAACATACGATTAAATAAACTATCATTTGATCAAATACCATTATTTGTTTGAGCTGTAGGAATTACAGCATTTTTACTCTTATTATCTTTACCAGTATTAGCTGGAGCTATTACAATACTATTAACTGATCGAAATTTAAATACATCATTTTTTGACCCTGCTGGAGGAGGAGATCCAATTTTATACCAACATTTATTT,578,Unknown,11-Jun-2005,43.537 N 80.1353 W,Paul D.N. Hebert,Biston betularia,"Biston betularia voucher BIOUG<CAN>:2005-ONT-291 cytochrome oxidase subunit 1 (COI) gene, partial cds; mitochondrial",30.103806228373703
GU092249.1,Hap_066,AATTCGAGCAGAATTAGGTAATCCAGGATCTTTAATTGGAGATGATCAAATTTATAACACTATTGTAACAGCTCATGCTTTTATTATAATTTTTTTTATAGTTATACCAATTATAATTGGAGGATTTGGAAATTGATTAGTACCATTAATATTAGGTGCTCCAGATATAGCTTTCCCTCGAATAAATAACATAAGATTTTGACTTTTACCCCCATCAATTACACTTTTAATTTCAAGAAGAATTGTAGAAAGTGGAGCAGGAACTGGATGAACTGTTTATCCCCCATTATCTTCTAATATTGCCCACGGCGGAAGCTCTGTAGATTTGGCAATTTTTTCTCTTCATTTAGCTGGAATTTCTTCAATTTTAGGAGCAATTAATTTTATTACAACAATTATTAACATACGATTAAATAAACTATCATTTGATCAAATACCATTATTTGTTTGAGCTGTAGGAATTACAGCATTTTTACTCTTATTATCTTTACCAGTATTAGCTGGAGCTATTACAATAC,518,Unknown,15-Apr-2003,43.537 N 80.1353 W,Paul D.N. Hebert,Biston betularia,"Biston betularia voucher BIOUG<CAN>:Moth4523.03 cytochrome oxidase subunit 1 (COI) gene, partial cds; mitochondrial",30.115830115830118
GU092248.1,Hap_067,GAATAGTTGGAACATCTTTAAGTTTATTAATTCGAGCAGAATTAGGTAACCCAGGATCTTTAATTGGAGATGATCAAATTTATAACACTATTGTAACAGCTCATGCTTTTATTATAATTTTTTTTATAGTTATACCAATTATAATTGGAGGATTTGGAAATTGATTAGTACCATTAATACTAGGTGCTCCAGATATGGCTTTCCCTCGAATAAACAACATAAGATTTTGACTTTTACCCCCATCTATTACACTTTTAATTTCAAGAAGAATTGTAGAAAATGGAGCAGGAACTGGATGAACTGTTTACCCTCCCTTATCTTCTAATATTGCTCATGGCGGAAGCTCTGTAGATTTAGCAATTTTTTCTCTTCATTTAGCTGGAATTTCTTCAATTTTAGGAGCAATTAATTTTATTACAACAATTATTAACATACGATTAAATAAATTATCATTTGATCAAATACCATTATTTGTTTGAGCTGTAGGAATTACAGCATTTTTACTCTTATTATCTTTACCAGTATTAGCTGGAGCTATTACTATATTATTAACTGATCGAAATTTAAATACATCATTTTTTGACCCTGCTGGAGGAGGAG,600,Unknown,15-Apr-2003,43.537 N 80.1353 W,Paul D.N. Hebert,Biston betularia,"Biston betularia voucher BIOUG<CAN>:Moth4469.03 cytochrome oxidase subunit 1 (COI) gene, partial cds; mitochondrial",30.166666666666668
GU092246.1,Hap_068,AGGTAACCCAGGATCTTTAATTGGAGATGATCAAATTTATAACACTATTGTAACAGCTCATGCTTTTATTATAATTTTTTTTATAGTTATACCAATTATAATTGGAGGATTTGGAAATTGATTAGTACCATTAATACTAGGTGCTCCAGATATGGCTTTCCCTCGAATAAACAACATAAGATTTTGACTTTTACCCCCATCTATTACACTTTTAATTTCAAGAAGAATTGTAGAAAGTGGAGCAGGAACTGGATGAACTGTTTACCCTCCCTTATCTTCTAATATTGCTCATGGCGGAAGCTCTGTAGATTTAGCAATTTTTTCTCTTCATTTAGCTGGAATTTCTTCAATTTTAGGAGCAATTAATTTTATTACAACAATTATTAACATACGATTAAATAAATTATCATTTGATCAAATACCATTATTTGTTTGAGCTGTAGGAATTACAGCATTTTTACTCTTATTATCTTTACCAGTATTAGCTGGAGCTATTACTATATTATTAACTGATCGAAATTTTAATACATCATTTTTTGACCCTGCTGGAGGAGGAGATCCAATTTTATATCAACATTTATTT,583,Unknown,15-Apr-2003,43.537 N 80.1353 W,Paul D.N. Hebert,Biston betularia,"Biston betularia voucher BIOUG<CAN>:Moth4393.03 cytochrome oxidase subunit 1 (COI) gene, partial cds; mitochondrial",29.845626072041163
